model_name,best_price,lowest_price,highest_price,brand_name,os,popularity,screen_size,memory_size,battery_size,release_date
1 1/8GB Bluish Black (5033D-2JALUAA),1690.0,1529.0,1819.0,ALCATEL,Android,422,5.0,8.0,2000.0,10-2020
1 5033D 1/16GB Volcano Black (5033D-2LALUAF),1803.0,1659.0,2489.0,ALCATEL,Android,323,5.0,16.0,2000.0,9-2020
1 5033D 1/16GB Volcano Black (5033D-2LALUAF),1803.0,1659.0,2489.0,ALCATEL,Android,299,5.0,16.0,2000.0,9-2020
1 5033D 1/16GB Volcano Black (5033D-2LALUAF),1803.0,1659.0,2489.0,ALCATEL,Android,287,5.0,16.0,2000.0,9-2020
10 6/64GB Black,10865.0,10631.0,11099.0,Honor,Android,71,5.8,64.0,3400.0,6-2018
10 Lite 4/64GB Black,4973.0,4733.0,5295.0,Honor,Android,134,6.21,64.0,3400.0,1-2019
10 lite 3/128GB Blue,5100.0,4990.0,5222.0,Honor,Android,477,6.21,128.0,3400.0,1-2021
10 lite 3/64GB Black,4948.0,4646.0,5372.0,Honor,Android,215,6.21,64.0,3400.0,12-2018
10 lite 3/64GB Black,4948.0,4646.0,5372.0,Honor,Android,179,6.21,64.0,3400.0,12-2018
10 lite 3/64GB Blue,5165.0,4897.0,5559.0,Honor,Android,437,6.21,64.0,3400.0,12-2018
15 4/64GB Black,5272.0,4970.0,5448.0,Meizu,Android,166,5.45,64.0,3000.0,5-2018
15 4/64GB Black,5272.0,4970.0,5448.0,Meizu,Android,125,5.45,64.0,3000.0,5-2018
15 4/64GB Black,5272.0,4970.0,5448.0,Meizu,Android,116,5.45,64.0,3000.0,5-2018
16 6/128GB Black,5926.0,5290.0,6526.0,Meizu,Android,1111,6.0,128.0,3100.0,11-2018
16 6/64GB Black,5231.0,4599.0,5759.0,Meizu,Android,1144,6.0,64.0,3100.0,11-2018
16X 6/128GB Dual Purple,5649.0,5599.0,5699.0,Meizu,Android,663,6.0,128.0,3100.0,3-2020
16Xs 6/128GB Pearl White,7229.0,6840.0,7786.0,Meizu,Android,900,6.2,128.0,4000.0,11-2020
16th 6/64GB Black,7776.0,7049.0,8196.0,Meizu,Android,1063,6.0,64.0,3010.0,9-2018
1B 5002H Prime Black (5002H-2AALUA12),2408.0,2168.0,3185.0,ALCATEL,Android,616,5.5,16.0,3000.0,9-2020
1SE 3/32GB Power Gray (5030D-2AALUA2),3249.0,2889.0,3299.0,ALCATEL,Android,629,6.22,32.0,4000.0,10-2020
1SE 4/128GB Agate Green (5030E-2BALUA2),3877.0,3581.0,3899.0,ALCATEL,Android,790,6.22,128.0,4000.0,10-2020
1SE 4/128GB Agate Green (5030E-2BALUA2),3877.0,3581.0,3899.0,ALCATEL,Android,793,6.22,128.0,4000.0,10-2020
2.4 2/32GB Charcoal,3162.0,2999.0,3299.0,Nokia,Android,1031,6.5,32.0,4500.0,9-2020
2720 Flip Black (16BTSB01A10),2530.0,2395.0,2689.0,Nokia,iOS,883,2.8,4.0,1500.0,9-2019
3.4 3/64GB Charcoal,3899.0,3550.0,4049.0,Nokia,Android,1132,6.39,64.0,4000.0,9-2020
3T 128GB (Gunmetal),6991.0,6195.0,9399.0,OnePlus,OxygenOS,235,5.5,128.0,3400.0,1-2017
3T 128GB (Gunmetal),6991.0,6195.0,9399.0,OnePlus,OxygenOS,188,5.5,128.0,3400.0,1-2017
3T 64GB (Gunmetal),5856.0,5630.0,6299.0,OnePlus,OxygenOS,921,5.5,64.0,3400.0,12-2016
5.3 4/64GB Charcoal,4429.0,4150.0,4583.0,Nokia,Android,1156,6.55,64.0,4000.0,6-2020
5.4 4/128GB Polar Night,9323.0,9166.0,9599.0,Nokia,Android,701,6.39,128.0,4000.0,1-2021
5i 4/64GB Green,4761.0,4532.0,4990.0,realme,Android,137,6.5,64.0,5000.0,3-2020
6 4/128GB Blue,5936.0,5599.0,6345.0,realme,Android,1139,6.5,128.0,4300.0,4-2020
6 64GB Black,6381.0,5265.0,7011.0,Nokia,Android,309,5.5,64.0,3000.0,4-2017
6 8/128GB Blue,6767.0,6289.0,9547.0,realme,Android,1118,6.5,128.0,4300.0,4-2020
6 Pro 8/128GB Blue,8045.0,7499.0,9006.0,realme,Android,1117,6.6,128.0,4300.0,4-2020
6.1 4/32GB Black,3820.0,3792.0,3848.0,Nokia,Android,620,5.5,32.0,3000.0,6-2018
6.1 4/64GB Black,3962.0,3885.0,4099.0,Nokia,Android,798,5.5,64.0,3000.0,3-2018
6S 6/128GB Lunar White,6078.0,5749.0,6270.0,realme,Android,953,6.5,128.0,4300.0,10-2020
6T 8/256GB Midnight Black,15625.0,15080.0,16213.0,OnePlus,Android,661,6.41,256.0,3700.0,10-2018
6i 3/64GB White,4292.0,4089.0,4599.0,realme,Android,989,6.5,64.0,5000.0,4-2020
6i 4/128GB Green,4946.0,4699.0,5044.0,realme,Android,1042,6.5,128.0,5000.0,4-2020
7 6/64GB Mist Blue,6215.0,5990.0,6658.0,realme,Android,570,6.5,64.0,5000.0,2-2021
7 8/256GB Mirror Gray,14443.0,13920.0,15449.0,OnePlus,Android,1022,6.41,256.0,3700.0,7-2019
7 Plus 4/64GB Black,7612.0,6014.0,9211.0,Nokia,Android,375,6.0,64.0,3800.0,3-2018
7 Pro 8/128GB Mirror Blue,8584.0,8199.0,9547.0,realme,Android,1179,6.4,128.0,4500.0,10-2020
8 12/256GB Onyx Black,17172.0,16500.0,18497.0,OnePlus,Android,1067,6.55,256.0,4300.0,4-2020
8 3/32GB Blue,3613.0,3199.0,3848.0,Honor,Android,535,5.2,32.0,3000.0,5-2018
8 8/128GB Onyx Black,15840.0,14863.0,16999.0,OnePlus,Android,1155,6.55,128.0,4300.0,4-2020
8 Pro 12/256GB Glacial Green,22587.0,21778.0,25999.0,OnePlus,Android,1095,6.78,256.0,4510.0,4-2020
8 Pro 8/128GB Onyx Black,20709.0,20095.0,21999.0,OnePlus,Android,1161,6.78,128.0,4510.0,4-2020
8.3 5G 8/128GB Polar Night,19041.0,18500.0,20517.0,Nokia,Android,1055,6.81,128.0,4500.0,10-2020
8A 3/64GB Blue,3844.0,3690.0,3999.0,Honor,Android,430,6.09,64.0,3020.0,11-2019
8A 3/64GB Blue,3844.0,3690.0,3999.0,Honor,Android,433,6.09,64.0,3020.0,11-2019
8T 12/256GB Cyberpunk 2077 Limited Edition,23999.0,23999.0,24000.0,OnePlus,Android,938,6.55,256.0,4500.0,1-2021
8T 12/256GB Lunar Silver,18200.0,17249.0,19999.0,OnePlus,Android,1159,6.55,256.0,4500.0,10-2020
8T 8/128GB Aquamarine Green,16845.0,16299.0,18000.0,OnePlus,Android,1157,6.55,128.0,4500.0,10-2020
8x Max 4/64GB Black,5652.0,5605.0,5699.0,Honor,Android,694,7.12,64.0,5000.0,10-2018
8x Max 4/64GB Black,5652.0,5605.0,5699.0,Honor,Android,697,7.12,64.0,5000.0,10-2018
8x Max 4/64GB Blue,5844.0,5605.0,6199.0,Honor,Android,303,7.12,64.0,5000.0,11-2018
9 4/64GB Dual Blue,4461.0,3978.0,5957.0,Honor,Android,660,5.15,64.0,3200.0,9-2017
9 Lite 3/32GB Midnight Black,3491.0,3444.0,3574.0,Honor,Android,142,5.65,32.0,3000.0,3-2018
9i 3/32GB Black,3424.0,3399.0,3449.0,Honor,Android,342,5.84,32.0,3000.0,6-2020
9i 3/32GB Black,3424.0,3399.0,3449.0,Honor,Android,361,5.84,32.0,3000.0,6-2020
9x 4/128GB Black,5599.0,4999.0,5999.0,Honor,Android,1048,6.59,128.0,4000.0,11-2019
A10 6/128GB Black,5628.0,5297.0,6584.0,AGM,Android,2,5.7,128.0,4400.0,10-2020
A12 3/32GB Black,3520.0,3375.0,3949.0,OPPO,Android,1024,6.22,32.0,4230.0,6-2020
A12 4/64GB Blue,3949.0,3799.0,3999.0,OPPO,Android,705,6.22,64.0,4230.0,8-2020
A30 2/16GB Black,1852.0,1795.0,1910.0,Blackview,Android,240,5.5,16.0,2500.0,9-2018
A30 2/16GB Black,1852.0,1795.0,1910.0,Blackview,Android,243,5.5,16.0,2500.0,9-2018
A31 4/64GB Mystery Black,4471.0,3999.0,4499.0,OPPO,Android,897,6.5,64.0,4230.0,3-2020
A5 2020 3/64GB Black,4773.0,4499.0,4999.0,OPPO,Android,833,6.5,64.0,5000.0,11-2019
A52 4/64GB Twilight Black,5448.0,4857.0,6031.0,OPPO,Android,1094,6.5,64.0,5000.0,5-2020
A53 4/128GB Electric Black,5683.0,4998.0,5999.0,OPPO,Android,985,6.5,128.0,5000.0,11-2020
A53 4/64GB Black,5257.0,4407.0,6658.0,OPPO,Android,1145,6.5,64.0,5000.0,10-2020
A5s 3/32Gb Blue,3266.0,3199.0,3333.0,OPPO,Android,478,6.2,32.0,4230.0,8-2019
A60 1/16GB Black,1910.0,1735.0,2052.0,Blackview,Android,857,6.1,16.0,4080.0,5-2019
A60 Plus 4/64GB Black,2831.0,2695.0,3189.0,Blackview,Android,1027,6.08,64.0,4080.0,12-2020
A60 Pro 3/16GB Black,2465.0,2299.0,2599.0,Blackview,Android,904,6.08,16.0,4080.0,7-2019
A7 2/32GB L19111 Blue,3391.0,3119.0,3746.0,Lenovo,Android,82,6.09,32.0,4000.0,7-2020
A7 Pro 4/128GB Black,3868.0,3499.0,4104.0,UMIDIGI,Android,29,6.3,128.0,4150.0,8-2020
A7 Pro 4/128GB Black,3868.0,3499.0,4104.0,UMIDIGI,Android,23,6.3,128.0,4150.0,8-2020
A7 Pro 4/64GB Black,3327.0,3149.0,3506.0,UMIDIGI,Android,419,6.3,64.0,4150.0,6-2020
A72 4/128GB Aurora Purple,6867.0,6000.0,6999.0,OPPO,Android,948,6.5,128.0,5000.0,5-2020
A73 4/128GB Navy Blue,6615.0,5949.0,6999.0,OPPO,Android,1097,6.44,128.0,4015.0,12-2020
A80 2/16GB Red,2232.0,2090.0,2471.0,Blackview,Android,578,6.21,16.0,4200.0,6-2020
A80 Pro 4/64GB Black,3250.0,3134.0,3692.0,Blackview,Android,1018,6.49,64.0,4680.0,1-2020
A9 4/32GB Black,5851.0,5699.0,6184.0,AGM,Android,797,5.99,32.0,5400.0,5-2019
A9 4/64GB Black,6900.0,6628.0,7299.0,AGM,Android,704,5.99,64.0,5400.0,2-2019
A91 8/128GB Black,8141.0,7298.0,8499.0,OPPO,Android,1124,6.4,128.0,4025.0,4-2020
Aquos D10 4/64GB Black,7827.0,6199.0,9999.0,Sharp,Android,632,5.99,64.0,2900.0,6-2019
Armor 10 5G 8/128GB Black,12913.0,12072.0,13499.0,Ulefone,Android,146,6.67,128.0,5800.0,1-2021
Armor 3WT 6/64GB Black,7498.0,7349.0,7699.0,Ulefone,Android,148,5.7,64.0,10300.0,11-2019
Armor 7E 4/128GB Black,7958.0,6787.0,8999.0,Ulefone,Android,671,6.3,128.0,5500.0,7-2020
Armor 7E 4/128GB Black,7958.0,6787.0,8999.0,Ulefone,Android,673,6.3,128.0,5500.0,7-2020
Armor 8 4/64GB Black (6937748733744),5943.0,4398.0,6799.0,Ulefone,Android,865,6.1,64.0,5500.0,10-2020
Armor 9 8/128GB Black (6937748733515),15611.0,13799.0,16120.0,Ulefone,Android,1009,6.3,128.0,6600.0,8-2020
Armor 9E 8/128GB Black (6937748733805),11062.0,9610.0,13092.0,Ulefone,Android,816,6.3,128.0,6600.0,9-2020
Armor 9E 8/128GB Black (6937748733805),11062.0,9610.0,13092.0,Ulefone,Android,818,6.3,128.0,6600.0,9-2020
Armor X3 2/32GB Black,3155.0,2493.0,3699.0,Ulefone,Android,395,5.5,32.0,5000.0,9-2020
Armor X5 3/32GB Red (6937748733256),3768.0,2909.0,4399.0,Ulefone,Android,788,5.5,32.0,5000.0,5-2020
Armor X5 Pro 4/64GB Black (6937748733829),4251.0,3395.0,5200.0,Ulefone,Android,1010,5.5,64.0,5000.0,9-2020
Armor X6 2/16GB Orange,2786.0,2175.0,3199.0,Ulefone,Android,662,5.0,16.0,4000.0,4-2020
Armor X7 Pro 4/32GB Black,3550.0,2770.0,3999.0,Ulefone,Android,998,5.0,32.0,4000.0,9-2020
Armor X8 4/64GB Black,4424.0,3470.0,5322.0,Ulefone,Android,1035,5.7,64.0,5080.0,12-2020
BL5500 Lite 2/16GB Dual Sim Gold,2323.0,2099.0,2548.0,DOOGEE,Android,540,6.19,16.0,5500.0,1-2019
BV4900 3/32GB Black,2974.0,2819.0,3199.0,Blackview,Android,877,5.7,32.0,5580.0,11-2020
BV4900 Pro 4/64GB Orange,3474.0,3333.0,3719.0,Blackview,Android,869,5.7,64.0,5580.0,1-2021
BV5100 4/128GB Green,4727.0,4610.0,5099.0,Blackview,Android,515,5.7,128.0,5580.0,12-2020
BV5100 Pro 4/128GB Black,6789.0,5999.0,7838.0,Blackview,Android,138,5.7,128.0,5580.0,1-2021
BV5500 2/16GB Black,2596.0,2149.0,3099.0,Blackview,Android,772,5.5,16.0,4400.0,2-2019
BV5500 Plus 3/32GB Black,2720.0,2560.0,3040.0,Blackview,Android,1023,5.5,32.0,4400.0,6-2020
BV5500 Pro 3/16GB Black,3566.0,2629.0,3800.0,Blackview,Android,553,5.5,16.0,4400.0,6-2019
BV5500 Pro 3/16GB Black,3566.0,2629.0,3800.0,Blackview,Android,548,5.5,16.0,4400.0,6-2019
BV5900 3/32GB Black,3668.0,3447.0,4389.0,Blackview,Android,659,5.7,32.0,5580.0,12-2019
BV6100 3/16GB Black,3386.0,3190.0,3895.0,Blackview,Android,806,6.88,16.0,5580.0,9-2019
BV6300 3/32GB Black,3762.0,3590.0,4674.0,Blackview,Android,849,5.7,32.0,4380.0,11-2020
BV6300 Pro 6/128GB Black,5418.0,5199.0,5873.0,Blackview,Android,882,5.7,128.0,4380.0,8-2020
BV6800 Pro 4/64GB Black,6801.0,4640.0,7399.0,Blackview,Android,821,5.7,64.0,6580.0,11-2018
BV6900 4/64GB Black,4793.0,4670.0,5472.0,Blackview,Android,764,5.84,64.0,5580.0,7-2020
BV8000 Pro Lion Gold,4584.0,4440.0,5130.0,Blackview,Android,536,5.0,64.0,4180.0,7-2017
BV8000 Pro Lion Gold,4584.0,4440.0,5130.0,Blackview,Android,525,5.0,64.0,4180.0,7-2017
BV9100 4/64GB Black,5355.0,5150.0,5850.0,Blackview,Android,954,6.3,64.0,13000.0,10-2019
BV9500 Black,6356.0,5780.0,6929.0,Blackview,Android,562,5.7,64.0,10000.0,9-2018
BV9500 Plus 4/64GB Black,5851.0,5649.0,6119.0,Blackview,Android,792,5.7,64.0,10000.0,10-2019
BV9500 Pro 6/128GB Black,8087.0,7398.0,11924.0,Blackview,Android,612,5.7,128.0,10000.0,10-2018
BV9600 4/64GB Silver,6072.0,5910.0,6349.0,Blackview,Android,104,6.21,64.0,5580.0,8-2019
BV9600 4/64GB Silver,6072.0,5910.0,6349.0,Blackview,Android,129,6.21,64.0,5580.0,8-2019
BV9600 Pro 6/128GB Black,6898.0,6730.0,7165.0,Blackview,Android,373,6.21,128.0,5580.0,2-2019
BV9600 Pro 6/128GB Black,6898.0,6730.0,7165.0,Blackview,Android,355,6.21,128.0,5580.0,2-2019
BV9600E 4/128GB Grey,6126.0,5899.0,7011.0,Blackview,Android,533,6.21,128.0,5580.0,6-2020
BV9700 Pro 6/128GB Black,6967.0,6790.0,7289.0,Blackview,Android,898,5.84,128.0,4380.0,8-2019
BV9700 Pro 6/128GB Black + Night Vision Camera,7686.0,7599.0,7860.0,Blackview,Android,77,5.84,128.0,4380.0,8-2019
BV9800 6/128Gb Black,10064.0,9760.0,10499.0,Blackview,Android,293,6.3,128.0,6580.0,2-2020
BV9800 6/128Gb Black,10064.0,9760.0,10499.0,Blackview,Android,332,6.3,128.0,6580.0,2-2020
BV9800 Pro 6/128GB Orange,10436.0,9949.0,11258.0,Blackview,Android,879,6.3,128.0,6580.0,5-2020
BV9900 8/256GB Black,9916.0,9536.0,10611.0,Blackview,Android,732,5.84,256.0,4380.0,5-2020
BV9900 Pro 8/128GB Gray,12667.0,12077.0,14279.0,Blackview,Android,802,5.84,128.0,4380.0,6-2020
BV9900E 6/128GB Black,7608.0,7380.0,7999.0,Blackview,Android,918,5.84,128.0,4380.0,11-2020
Bison 6/128GB Red,4994.0,4940.0,5049.0,UMIDIGI,Android,884,6.3,128.0,5000.0,12-2020
Black Shark 2 Pro 8/128GB Black,15149.0,14999.0,15299.0,Xiaomi,Android,150,6.39,128.0,4000.0,11-2019
Black Shark 2 Pro 8/128GB Iceberg Grey,15399.0,14910.0,15999.0,Xiaomi,Android,43,6.39,128.0,4000.0,11-2019
Black Shark 3 12/256GB Black,18319.0,17400.0,18999.0,Xiaomi,Android,726,6.67,256.0,4720.0,7-2020
Black Shark 3 8/128GB Black,13846.0,13151.0,14999.0,Xiaomi,Android,1098,6.67,128.0,4720.0,6-2020
Blade 20 Smart 4/128GB Gradient Green,4152.0,3745.0,4417.0,ZTE,Android,1083,6.49,128.0,5000.0,12-2019
Blade A3 2020 1/32GB Blue,2016.0,1839.0,2229.0,ZTE,Android,700,5.45,32.0,2600.0,3-2020
Blade A3 2020 1/32GB Grey,2014.0,1839.0,2099.0,ZTE,Android,619,5.45,32.0,2600.0,3-2020
Blade A3 2020 1/32GB Red,2021.0,1839.0,2332.0,ZTE,Android,446,5.45,32.0,2600.0,8-2020
Blade A5 2/32GB Black,2257.0,2199.0,2315.0,ZTE,Android,706,5.45,32.0,2600.0,7-2020
Blade A5 2/32GB Blue,2435.0,2199.0,2599.0,ZTE,Android,529,5.45,32.0,2600.0,6-2019
Blade A5 2020 2/32GB Black,2517.0,2299.0,2881.0,ZTE,Android,942,6.08,32.0,3200.0,12-2019
Blade A7 2019 2/32GB Black,2590.0,2399.0,2799.0,ZTE,Android,978,6.1,32.0,3200.0,5-2019
Blade A7 2020 2/32GB Gradient,2783.0,2599.0,2999.0,ZTE,Android,1016,6.08,32.0,4000.0,12-2019
Blade A7 2020 3/64GB Gradient,3154.0,3069.0,3499.0,ZTE,Android,1071,6.08,64.0,4000.0,12-2019
Blade A7S 2/64GB Blue,3052.0,2695.0,3549.0,ZTE,Android,775,6.5,64.0,4000.0,9-2020
Blade L210 1/32GB Black,1801.0,1678.0,2009.0,ZTE,Android,642,6.0,32.0,2600.0,9-2020
Blade L210 1/32GB Blue,1789.0,1678.0,1979.0,ZTE,Android,399,6.0,32.0,2600.0,9-2020
Blade L210 1/32GB Blue,1789.0,1678.0,1979.0,ZTE,Android,418,6.0,32.0,2600.0,9-2020
Blade L8 1/16GB Black,1552.0,1368.0,1646.0,ZTE,Android,750,5.0,16.0,2000.0,5-2019
Blade L8 1/16GB Blue,1529.0,1368.0,1917.0,ZTE,Android,691,5.0,16.0,2000.0,6-2019
Blade V2020 Smart 4/128GB Grey,4041.0,3755.0,4435.0,ZTE,Android,951,6.82,128.0,5000.0,11-2020
Blade V2020 Smart 4/64GB Grey,3821.0,3577.0,4171.0,ZTE,Android,941,6.82,64.0,5000.0,11-2020
C11 2/32GB Green,3055.0,2999.0,3179.0,realme,Android,753,6.5,32.0,5000.0,7-2020
C11 2/32GB Grey,3015.0,2940.0,3179.0,realme,Android,930,6.5,32.0,5000.0,7-2020
C18 Pro 4/64GB Purple,3409.0,3149.0,3791.0,Oukitel,Android,386,6.55,64.0,4000.0,12-2020
C19 2/16GB Black,2132.0,2049.0,2299.0,Oukitel,Android,610,6.49,16.0,4000.0,8-2020
C19 2/16GB Gradient Blue,2104.0,2030.0,2299.0,Oukitel,Android,497,6.49,16.0,4000.0,10-2020
C21 4/64GB Black,3276.0,3149.0,3589.0,Oukitel,Android,1044,6.4,64.0,4000.0,10-2020
C3 2/32GB Blue,3296.0,3174.0,3399.0,realme,Android,936,6.5,32.0,5000.0,4-2020
C3 2/32GB Red,3361.0,3174.0,3399.0,realme,Android,738,6.5,32.0,5000.0,4-2020
C3 3/64GB Blue,3812.0,3547.0,4049.0,realme,Android,1153,6.5,64.0,5000.0,4-2020
C30 8/128GB Black,5671.0,5290.0,5871.0,Cubot,Android,625,6.4,128.0,4200.0,12-2020
Camon 12 CC7 Dark Jade,3440.0,3149.0,3799.0,Tecno,Android,522,6.52,64.0,4000.0,11-2019
Camon 15 4/64GB Dark Jade (4895180755057),4057.0,3949.0,4499.0,Tecno,Android,876,6.6,64.0,5000.0,8-2020
Cool Play 6 6/64GB Black,3968.0,3947.0,3990.0,Coolpad,Android,271,5.5,64.0,4060.0,11-2018
Cool Play 6 6/64GB Black,3968.0,3947.0,3990.0,Coolpad,Android,259,5.5,64.0,4060.0,11-2018
Core 50 16GB Red,2059.0,1899.0,2099.0,Archos,Android,245,5.0,16.0,2000.0,8-2018
E450A 2018 DualSim Black,1250.0,1215.0,1338.0,2E,Android,563,4.5,8.0,1500.0,8-2018
E450R DualSim Gray,1850.0,1499.0,2499.0,2E,Android,571,4.5,8.0,2600.0,12-2017
E500A 2019 DualSim Black,1362.0,1319.0,1499.0,2E,Android,670,5.0,8.0,2500.0,5-2019
E6 Plus XT2025-2 4/64GB Blue,3444.0,3399.0,3490.0,Motorola,Android,762,6.1,64.0,3000.0,1-2020
E6S 4/64 GB Meteor Grey (PAJE0031RS),2992.0,2888.0,3205.0,Motorola,Android,1178,6.1,64.0,3000.0,9-2020
E7 Plus 4/64GB Misty Blue (PAKX0008RS),4217.0,4199.0,4290.0,Motorola,Android,929,6.5,64.0,5000.0,9-2020
Edge 5G 6/128GB Dual Black (XT2063-3),15017.0,14299.0,16872.0,Motorola,Android,1131,6.7,128.0,4500.0,7-2020
F534L 2018 DualSim Black,1610.0,1495.0,1701.0,2E,Android,600,5.3,16.0,3020.0,11-2018
F572L 2018 DualSim Red,2167.0,1999.0,2336.0,2E,Android,181,5.7,16.0,3020.0,10-2018
F572L 2018 DualSim Silver,1939.0,1759.0,1999.0,2E,Android,567,5.7,16.0,3020.0,10-2018
Find X2 Pro 12/512GB Orange,32530.0,31720.0,33999.0,OPPO,Android,474,6.7,512.0,4260.0,1-2021
G7 4/64GB Ceramic Black (XT1962-6),4849.0,4499.0,5199.0,Motorola,Android,686,6.2,64.0,3000.0,7-2020
G7 ThinQ 4/64GB Aurora Black (LMG710EMW.ACISBK),5571.0,5566.0,5576.0,LG,Android,1030,6.1,64.0,3000.0,5-2018
G7 ThinQ 4/64GB Moroccan Blue (LMG710EMW.ACISBL),5421.0,5266.0,5576.0,LG,Android,923,6.1,64.0,3000.0,5-2018
G7 ThinQ 4/64GB Platinum Gray,5713.0,5566.0,5998.0,LG,Android,851,6.1,64.0,3000.0,5-2018
G7 ThinQ 4/64GB Raspberry Rose,5798.0,5599.0,5998.0,LG,Android,427,6.1,64.0,3000.0,5-2018
G8 Power 4/64GB Dual Sim Black (PAHF0007RS),5464.0,4999.0,6031.0,Motorola,Android,925,6.4,64.0,5000.0,7-2020
G8 Power Lite 4/64GB Royal Blue (PAJC0017RS),4772.0,4399.0,5342.0,Motorola,Android,840,6.5,64.0,5000.0,7-2020
G8X ThinQ 6/128GB Aurora Black,17790.0,9888.0,20590.0,LG,Android,931,6.4,128.0,4000.0,3-2020
G8s ThinQ 6/128GB White,14427.0,13749.0,15264.0,LG,Android,988,6.21,128.0,3550.0,9-2020
G9 Play 4/64GB Sapphire Blue (PAKK0016RS),4812.0,4434.0,5877.0,Motorola,Android,1062,6.5,64.0,5000.0,9-2020
G9 Plus 4/128GB Navy Blue (PAKM0019RS),6697.0,6375.0,6999.0,Motorola,Android,1160,6.81,128.0,5000.0,9-2020
G920F Galaxy S6 32GB (White Pearl),3529.0,3100.0,3959.0,Samsung,Android,845,5.1,32.0,2550.0,3-2015
Galaxy A01 2/16GB Black (SM-A015FZKD),2940.0,2673.0,3158.0,Samsung,Android,1163,5.7,16.0,3000.0,1-2020
Galaxy A01 Core 1/16GB Black (SM-A013FZKD),2344.0,2098.0,2553.0,Samsung,Android,1073,5.3,16.0,3000.0,8-2020
Galaxy A02s 3/32GB Blue (SM-A025FZBE),3776.0,3599.0,3799.0,Samsung,Android,1078,6.5,32.0,5000.0,1-2021
Galaxy A10s 2019 SM-A107F 2/32GB Black (SM-A107FZKD),3348.0,3170.0,3999.0,Samsung,Android,1129,6.2,32.0,4000.0,8-2019
Galaxy A11 2/32GB Black (SM-A115FZKN),4101.0,3536.0,4396.0,Samsung,Android,1036,6.4,32.0,4000.0,6-2020
Galaxy A12 SM-A125F 3/32GB Black (SM-A125FZKUSEK),4473.0,4186.0,4999.0,Samsung,Android,1008,6.5,32.0,5000.0,1-2021
Galaxy A12 SM-A125F 4/64GB Black (SM-A125FZKVSEK),4977.0,4598.0,5499.0,Samsung,Android,1092,6.5,64.0,5000.0,1-2021
Galaxy A2 Core 2019 SM-A260 1/16GB Blue,3222.0,3029.0,3515.0,Samsung,Android,100,5.0,16.0,2600.0,11-2019
Galaxy A2 Core 2019 SM-A260 1/16GB Blue,3222.0,3029.0,3515.0,Samsung,Android,91,5.0,16.0,2600.0,11-2019
Galaxy A20e SM-A202F 3/32GB Black SM-A202FZKD,4595.0,4309.0,5095.0,Samsung,Android,1040,5.8,32.0,3000.0,7-2019
Galaxy A20e SM-A202F 3/32GB White (SM-A202FZWD),4300.0,4100.0,4500.0,Samsung,Android,54,5.8,32.0,3000.0,12-2019
Galaxy A20s 2019 A207F 3/32GB Black (SM-A207FZKD),4126.0,3599.0,4399.0,Samsung,Android,1017,6.5,32.0,4000.0,10-2019
Galaxy A21s 3/32GB Black (SM-A217FZKN),5174.0,4598.0,6470.0,Samsung,Android,1059,6.5,32.0,5000.0,6-2020
Galaxy A30s 3/32GB Black (SM-A307FZKU),4524.0,3999.0,4789.0,Samsung,Android,1072,6.4,32.0,4000.0,9-2019
Galaxy A30s 4/64GB Green (SM-A307FZGV),6098.0,5799.0,6399.0,Samsung,Android,778,6.4,64.0,4000.0,9-2019
Galaxy A31 4/128GB Black (SM-A315FZKV),6510.0,5894.0,7499.0,Samsung,Android,1115,6.4,128.0,5000.0,4-2020
Galaxy A31 4/64GB Black (SM-A315FZKU),5997.0,5368.0,6999.0,Samsung,Android,1185,6.4,64.0,5000.0,4-2020
Galaxy A41 4/64GB Black (SM-A415FZKD),6693.0,5699.0,9547.0,Samsung,Android,1173,6.1,64.0,3500.0,5-2020
Galaxy A50 2019 SM-A505F 4/128GB Black,6687.0,6299.0,7154.0,Samsung,Android,736,6.4,128.0,4000.0,4-2019
Galaxy A50 2019 SM-A505F 4/64GB Blue (SM-A505FZBU),5527.0,5499.0,5555.0,Samsung,Android,874,6.4,64.0,4000.0,3-2019
Galaxy A50 2019 SM-A505F 6/128GB Blue (SM-A505FZBQ),6933.0,5999.0,7868.0,Samsung,Android,712,6.4,128.0,4000.0,3-2019
Galaxy A50s 2019 SM-A507FD 6/128GB Black,8243.0,8107.0,8518.0,Samsung,Android,168,6.4,128.0,4000.0,11-2019
Galaxy A50s 2019 SM-A507FD 6/128GB Black,8243.0,8107.0,8518.0,Samsung,Android,118,6.4,128.0,4000.0,11-2019
Galaxy A50s 2019 SM-A507FD 6/128GB Black,8243.0,8107.0,8518.0,Samsung,Android,127,6.4,128.0,4000.0,11-2019
Galaxy A50s SM-A5070 6/128GB Prism Crush Green,7159.0,6930.0,7979.0,Samsung,Android,70,6.4,128.0,4000.0,3-2020
Galaxy A51 2020 4/64GB Black (SM-A515FZKU),7139.0,6497.0,7999.0,Samsung,Android,1192,6.5,64.0,4000.0,1-2020
Galaxy A51 2020 6/128GB Blue (SM-A515FZBW),8076.0,7436.0,8999.0,Samsung,Android,1177,6.5,128.0,4000.0,1-2020
Galaxy A51 SM-A515F 2020 8/128GB Blue,8538.0,8230.0,9067.0,Samsung,Android,783,6.5,128.0,4000.0,7-2020
Galaxy A51 SM-A515F 4/128GB Black,7135.0,6870.0,7600.0,Samsung,Android,970,6.5,128.0,4000.0,3-2020
Galaxy A51 SM-A515F 6/128GB Metallic Silver (SM-A515FMSW),8152.0,7436.0,8999.0,Samsung,Android,1039,6.5,128.0,4000.0,7-2020
Galaxy A6+ 3/32GB Gold (SM-A605FZDN),7064.0,7032.0,7129.0,Samsung,Android,205,6.0,32.0,3500.0,5-2018
Galaxy A6+ 3/32GB Lavender,5292.0,5255.0,5330.0,Samsung,Android,484,6.0,32.0,3500.0,5-2018
Galaxy A6+ 4/32GB Gold,7071.0,7032.0,7129.0,Samsung,Android,346,6.0,32.0,3500.0,6-2018
Galaxy A7 2018 4/64GB Blue (SM-A750FZBU),5893.0,5570.0,6283.0,Samsung,Android,689,6.0,64.0,3300.0,10-2018
Galaxy A70 2019 SM-A7050 6/128GB Black,8816.0,8299.0,10175.0,Samsung,Android,339,6.7,128.0,4500.0,5-2019
Galaxy A70 2019 SM-A7050 6/128GB Blue,8965.0,8230.0,9499.0,Samsung,Android,173,6.7,128.0,4500.0,8-2019
Galaxy A70 2019 SM-A7050 6/128GB Blue,8965.0,8230.0,9499.0,Samsung,Android,209,6.7,128.0,4500.0,8-2019
Galaxy A70 2019 SM-A7050 6/128GB Blue,8965.0,8230.0,9499.0,Samsung,Android,222,6.7,128.0,4500.0,8-2019
Galaxy A70 2019 SM-A705F 6/128GB Black (SM-A705FZKU),8986.0,8449.0,9399.0,Samsung,Android,611,6.7,128.0,4500.0,4-2019
Galaxy A71 2020 6/128GB Black (SM-A715FZKU),10403.0,9396.0,14538.0,Samsung,Android,1209,6.7,128.0,4500.0,1-2020
Galaxy A71 2020 SM-A715F 8/128GB Blue,10848.0,10340.0,11999.0,Samsung,Android,957,6.7,128.0,4500.0,5-2020
Galaxy A8+ 2018 32GB Gold (SM-A730FZDD),7309.0,6780.0,8928.0,Samsung,Android,44,6.0,32.0,3500.0,1-2018
Galaxy A8+ 2018 32GB Orchid Gray (SM-A730FZVD),7253.0,6799.0,8499.0,Samsung,Android,93,6.0,32.0,3500.0,1-2018
Galaxy A8+ 2018 32GB Orchid Gray (SM-A730FZVD),7253.0,6799.0,8499.0,Samsung,Android,102,6.0,32.0,3500.0,1-2018
Galaxy A80 2019 A8050 8/128GB Black,13296.0,13031.0,13709.0,Samsung,Android,310,6.7,128.0,3700.0,8-2019
Galaxy A9 2018 6/128Gb Blue (SM-A920FZBD),8610.0,7099.0,9199.0,Samsung,Android,472,6.3,128.0,3800.0,11-2018
Galaxy Fold 12/256GB Black,55338.0,45799.0,59999.0,Samsung,Android,298,7.3,256.0,4380.0,11-2019
Galaxy Fold 12/512GB Black (SM-F900FZKD),41310.0,34100.0,56999.0,Samsung,Android,819,7.3,512.0,4380.0,3-2019
Galaxy Fold 5G SM-F907B 12/512GB Black,37640.0,35400.0,49593.0,Samsung,Android,304,7.3,512.0,4235.0,3-2020
Galaxy Fold 5G SM-F907B 12/512GB Silver,37173.0,35400.0,49737.0,Samsung,Android,330,7.3,512.0,4235.0,3-2020
Galaxy M10 SM-M105F 2/16GB Black (SM-M105GDAG),4268.0,4116.0,4516.0,Samsung,Android,132,6.22,16.0,3400.0,3-2019
Galaxy M10 SM-M105F 2/16GB Black (SM-M105GDAG),4268.0,4116.0,4516.0,Samsung,Android,157,6.22,16.0,3400.0,3-2019
Galaxy M10 SM-M105F 2/16GB Black (SM-M105GDAG),4268.0,4116.0,4516.0,Samsung,Android,107,6.22,16.0,3400.0,3-2019
Galaxy M10 SM-M105F 3/32GB Blue,4095.0,4090.0,4100.0,Samsung,Android,64,6.22,32.0,3400.0,3-2019
Galaxy M10S M107F 3/32GB Black,4882.0,4650.0,4999.0,Samsung,Android,145,6.4,32.0,4000.0,4-2020
Galaxy M115 M11 3/32 Black (SM-M115FZKN),4171.0,3799.0,4677.0,Samsung,Android,1049,6.4,32.0,5000.0,4-2020
Galaxy M21 4/64GB Black (SM-M215FZKU),5849.0,5228.0,6181.0,Samsung,Android,1204,6.4,64.0,6000.0,4-2020
Galaxy M30 SM-M305F 4/64GB Gradation Blue,6749.0,5950.0,7838.0,Samsung,Android,443,6.4,64.0,5000.0,5-2019
Galaxy M31 6/128GB Black (SM-M315FZKU),7196.0,6698.0,7571.0,Samsung,Android,1214,6.4,128.0,6000.0,2-2020
Galaxy M31s 6/128GB Blue (SM-M317FZBN),8359.0,7429.0,9199.0,Samsung,Android,1184,6.5,128.0,6000.0,9-2020
Galaxy M51 6/128GB Black (SM-M515FZKD),9620.0,8555.0,10394.0,Samsung,Android,1220,6.7,128.0,7000.0,9-2020
Galaxy Note 10 SM-N9700 8/256GB Black (SM-N9700ZKD),21353.0,20426.0,23273.0,Samsung,Android,568,6.3,256.0,3500.0,8-2019
Galaxy Note 10 SM-N9700 8/256GB White,21852.0,18449.0,23719.0,Samsung,Android,658,6.3,256.0,3500.0,9-2019
Galaxy Note 10 SM-N970F 8/256GB Black (SM-N970FZKD),19940.0,16499.0,28940.0,Samsung,Android,1172,6.3,256.0,3500.0,8-2019
Galaxy Note 10+ SM-N9750 12/256GB Aura Glow,25252.0,22849.0,26748.0,Samsung,Android,909,6.8,256.0,4300.0,8-2019
Galaxy Note 10+ SM-N975F 12/256GB Black (SM-N975FZKD),23920.0,20651.0,31163.0,Samsung,Android,1113,6.8,256.0,4300.0,8-2019
Galaxy Note 10+ SM-N975F 12/512GB Aura Black,27973.0,25820.0,31545.0,Samsung,Android,233,6.8,512.0,4300.0,9-2019
Galaxy Note 8 64GB Gold,9923.0,9250.0,10598.0,Samsung,Android,744,6.3,64.0,3300.0,8-2017
Galaxy Note 8 N950F Single sim 128GB Black,18114.0,17695.0,18626.0,Samsung,Android,184,6.3,128.0,3300.0,6-2018
Galaxy Note 8 N950F Single sim 128GB Black,18114.0,17695.0,18626.0,Samsung,Android,217,6.3,128.0,3300.0,6-2018
Galaxy Note 9 N960 6/128GB Metallic Copper,14422.0,13890.0,15467.0,Samsung,Android,889,6.4,128.0,4000.0,8-2018
Galaxy Note 9 N960 8/512GB Lavender Purple,20948.0,20469.0,21871.0,Samsung,Android,164,6.4,512.0,4000.0,9-2018
Galaxy Note 9 N960 8/512GB Lavender Purple,20948.0,20469.0,21871.0,Samsung,Android,123,6.4,512.0,4000.0,9-2018
Galaxy Note 9 N960 8/512GB Lavender Purple,20948.0,20469.0,21871.0,Samsung,Android,114,6.4,512.0,4000.0,9-2018
Galaxy Note 9 N960 8/512GB Metallic Copper,16076.0,15090.0,21366.0,Samsung,Android,813,6.4,512.0,4000.0,8-2018
Galaxy Note 9 N960 8/512GB Midnight Black,17585.0,15840.0,23770.0,Samsung,Android,992,6.4,512.0,4000.0,8-2018
Galaxy Note 9 N960 8/512GB Ocean Blue (SM-N960FZBH),17540.0,15330.0,35999.0,Samsung,Android,714,6.4,512.0,4000.0,8-2018
Galaxy Note10 Lite SM-N770F Dual 6/128GB Black (SM-N770FZKD),11405.0,9756.0,13999.0,Samsung,Android,1182,6.7,128.0,4500.0,1-2020
Galaxy Note10 Lite SM-N770F Dual 8/128GB Black (SM-N770FZKU),12169.0,11699.0,13098.0,Samsung,Android,915,6.7,128.0,4500.0,3-2020
Galaxy Note20 5G N9810 8/256GB Mystic Gray,21175.0,20290.0,22949.0,Samsung,Android,956,6.7,256.0,4300.0,9-2020
Galaxy Note20 5G SM-N981B 8/256GB Mystic Bronze,21222.0,20230.0,28270.0,Samsung,Android,730,6.7,256.0,4300.0,8-2020
Galaxy Note20 SM-N980F 8/256GB Mystic Green (SM-N980FZGG),22670.0,18920.0,30778.0,Samsung,Android,1080,6.7,256.0,4300.0,8-2020
Galaxy Note20 Ultra 5G SM-N9860 12/256GB Mystic Black,30008.0,28948.0,34505.0,Samsung,Android,1146,6.9,256.0,4500.0,9-2020
Galaxy Note20 Ultra 5G SM-N986B 12/256GB Mystic Black,28896.0,27149.0,34640.0,Samsung,Android,1013,6.9,256.0,4500.0,8-2020
Galaxy Note20 Ultra 5G SM-N986B 12/512GB Mystic Black (SM-N986BZKH),39524.0,28381.0,41999.0,Samsung,Android,800,6.9,512.0,4500.0,8-2020
Galaxy Note20 Ultra SM-N985F 8/256GB Mystic Bronze (SM-N985FZNG),32669.0,27599.0,35999.0,Samsung,Android,1147,6.9,256.0,4500.0,8-2020
Galaxy S10 Lite SM-G770 6/128GB Black (SM-G770FZKG),14079.0,12049.0,15469.0,Samsung,Android,1190,6.7,128.0,4500.0,1-2020
Galaxy S10 Lite SM-G770 8/128GB Black,14654.0,13167.0,16476.0,Samsung,Android,1054,6.7,128.0,4500.0,3-2020
Galaxy S10 SM-G973 DS 128GB Green (SM-G973FZGD),17561.0,14499.0,18999.0,Samsung,Android,1199,6.1,128.0,3400.0,2-2019
Galaxy S10 SM-G973 DS 512GB Black,21229.0,17900.0,23261.0,Samsung,Android,198,6.1,512.0,3400.0,2-2019
Galaxy S10 SM-G9730 DS 128GB Black,19123.0,17999.0,20510.0,Samsung,Android,861,6.1,128.0,3400.0,2-2019
Galaxy S10+ SM-G975 DS 128GB Black (SM-G975FZKD),17860.0,13888.0,23218.0,Samsung,Android,1180,6.4,128.0,4000.0,2-2019
Galaxy S10+ SM-G975 DS 1TB Black (SM-G975FCKH),22932.0,20995.0,47292.0,Samsung,Android,847,6.4,1000.0,4000.0,2-2019
Galaxy S10+ SM-G975 DS 1TB Ceramic White (SM-G975FCWH),23137.0,20995.0,47292.0,Samsung,Android,795,6.4,1000.0,4000.0,2-2019
Galaxy S10+ SM-G975 DS 512GB Black (SM-G975FCKG),21304.0,18619.0,39999.0,Samsung,Android,910,6.4,512.0,4000.0,2-2019
Galaxy S10+ SM-G975 DS 512GB White (SM-G975FCWG),19878.0,17970.0,33999.0,Samsung,Android,828,6.4,512.0,4000.0,2-2019
Galaxy S10+ SM-G9750 DS 128GB Black,20044.0,19529.0,20999.0,Samsung,Android,817,6.4,128.0,4000.0,2-2019
Galaxy S10+ SM-G9750 DS 128GB Black,20044.0,19529.0,20999.0,Samsung,Android,815,6.4,128.0,4000.0,2-2019
Galaxy S10+ SM-G9750 DS 1TB Black,21454.0,20954.0,21954.0,Samsung,Android,66,6.4,1000.0,4000.0,2-2019
Galaxy S10e SM-G970 DS 128GB Black (SM-G970FZKD),16313.0,15483.0,17499.0,Samsung,Android,1122,5.8,128.0,3100.0,2-2019
Galaxy S20 5G SM-G9810 12/128GB Cloud Pink,22846.0,22130.0,24453.0,Samsung,Android,1034,6.2,128.0,4000.0,5-2020
Galaxy S20 FE 5G SM-G7810 8/128GB Cloud Navy,17390.0,16810.0,18499.0,Samsung,Android,1181,6.5,128.0,4500.0,10-2020
Galaxy S20 FE 5G SM-G7810 Dual 8/256GB Cloud Navy,21157.0,20510.0,22116.0,Samsung,Android,913,6.5,256.0,4500.0,1-2021
Galaxy S20 FE 5G SM-G781B 6/128GB Cloud Red,17332.0,16690.0,18017.0,Samsung,Android,964,6.5,128.0,4500.0,12-2020
Galaxy S20 FE SM-G780F 6/128GB Blue (SM-G780FZBD),17631.0,15280.0,21724.0,Samsung,Android,1197,6.5,128.0,4500.0,9-2020
Galaxy S20 FE SM-G780F 6/256GB Cloud Navy,20513.0,18999.0,22449.0,Samsung,Android,439,6.5,256.0,4500.0,12-2020
Galaxy S20 FE SM-G780F 8/128GB Cloud Navy,16396.0,15650.0,18187.0,Samsung,Android,899,6.5,128.0,4500.0,11-2020
Galaxy S20 FE SM-G780F 8/256GB Blue (SM-G780FZBH),19215.0,16967.0,23228.0,Samsung,Android,982,6.5,256.0,4500.0,11-2020
Galaxy S20 SM-G980 8/128GB Grey (SM-G980FZAD),21011.0,18129.0,29432.0,Samsung,Android,1210,6.2,128.0,4000.0,2-2020
Galaxy S20 Ultra 5G SM-G9880 12/256GB Cosmic Gray,29175.0,27238.0,31780.0,Samsung,Android,933,6.9,256.0,5000.0,5-2020
Galaxy S20 Ultra 5G SM-G988B 12/128GB Black,27461.0,25999.0,34999.0,Samsung,Android,984,6.9,128.0,5000.0,5-2020
Galaxy S20 Ultra SM-G988 128GB Grey (SM-G988BZAD),32806.0,26080.0,42127.0,Samsung,Android,1114,6.9,128.0,5000.0,2-2020
Galaxy S20+ 5G SM-G9860 12/128GB Cosmic Black,23302.0,22580.0,25183.0,Samsung,Android,1130,6.9,128.0,4500.0,4-2020
Galaxy S20+ 5G SM-G9860 8/128GB Gray,24843.0,24369.0,25318.0,Samsung,Android,192,6.7,128.0,4500.0,5-2020
Galaxy S20+ 5G SM-G9860 8/128GB Gray,24843.0,24369.0,25318.0,Samsung,Android,226,6.7,128.0,4500.0,5-2020
Galaxy S20+ 5G SM-G986B 12/128GB Black,21905.0,21150.0,22572.0,Samsung,Android,321,6.7,128.0,4500.0,10-2020
Galaxy S20+ 5G SM-G986F-DS 12/128GB Black,21326.0,20490.0,23321.0,Samsung,Android,1011,6.7,128.0,4500.0,2-2020
Galaxy S20+ LTE SM-G985 Dual 8/128GB Black (SM-G985FZKD),24160.0,19424.0,27138.0,Samsung,Android,1070,6.7,128.0,4500.0,2-2020
Galaxy S21 8/128GB Phantom Grey (SM-G991BZADSEK),26751.0,24059.0,27655.0,Samsung,Android,1175,6.2,128.0,4000.0,1-2021
Galaxy S21 8/256GB Phantom Grey (SM-G991BZAGSEK),28876.0,27499.0,29210.0,Samsung,Android,1004,6.2,256.0,4000.0,1-2021
Galaxy S21 Ultra 12/128GB Phantom Black (SM-G998BZKDSEK),37630.0,34899.0,40559.0,Samsung,Android,1104,6.8,128.0,5000.0,1-2021
Galaxy S21 Ultra 12/256GB Phantom Black (SM-G998BZKGSEK),39620.0,36359.0,42127.0,Samsung,Android,1164,6.8,256.0,5000.0,1-2021
Galaxy S21 Ultra 16/512GB Phantom Black (SM-G998BZKHSEK),42649.0,36899.0,43999.0,Samsung,Android,1136,6.8,512.0,5000.0,1-2021
Galaxy S21+ 8/128GB Phantom Black (SM-G996BZKDSEK),31574.0,29319.0,33601.0,Samsung,Android,979,6.7,128.0,4800.0,1-2021
Galaxy S21+ 8/256GB Phantom Black (SM-G996BZKGSEK),33443.0,30899.0,33999.0,Samsung,Android,1006,6.7,256.0,4800.0,1-2021
Galaxy S7 G930F 32GB (Gold),7782.0,6896.0,8225.0,Samsung,Android,685,5.1,32.0,3000.0,4-2016
Galaxy S8 64GB Blue,7864.0,7640.0,8089.0,Samsung,Android,908,5.8,64.0,3000.0,3-2017
Galaxy S8+ 64GB Black (SM-G955FZKD),10787.0,8299.0,12898.0,Samsung,Android,871,6.2,64.0,3500.0,3-2017
Galaxy S9 SM-G960 DS 128GB Blue,16798.0,13309.0,18370.0,Samsung,Android,92,5.8,128.0,3000.0,2-2018
Galaxy S9 SM-G960 DS 128GB Blue,16798.0,13309.0,18370.0,Samsung,Android,101,5.8,128.0,3000.0,2-2018
Galaxy S9 SM-G960 DS 128GB Purple (SM-G960FZPG),13537.0,12754.0,14367.0,Samsung,Android,249,5.8,128.0,3000.0,2-2018
Galaxy S9 SM-G960 DS 64GB Black (SM-G960FZKD),11207.0,9050.0,13880.0,Samsung,Android,1105,5.8,64.0,3000.0,2-2018
Galaxy S9+ SM-G965 DS 128GB Blue,13436.0,12592.0,14703.0,Samsung,Android,230,6.2,128.0,3500.0,2-2018
Galaxy S9+ SM-G965 DS 128GB Grey,13525.0,12870.0,14480.0,Samsung,Android,285,6.2,128.0,3500.0,2-2018
Galaxy S9+ SM-G965 DS 128GB Purple,14502.0,12870.0,16135.0,Samsung,Android,470,6.2,128.0,3500.0,2-2018
Galaxy S9+ SM-G965 DS 256GB Black (SM-G965FZKH),14532.0,13327.0,15499.0,Samsung,Android,517,6.2,256.0,3500.0,2-2018
Galaxy S9+ SM-G965 DS 64GB Black (SM-G965FZKD),13837.0,10048.0,17966.0,Samsung,Android,1135,6.2,64.0,3500.0,2-2018
Galaxy Z Flip 5G SM-F707 8/256GB Mystic Bronze,22434.0,21930.0,24530.0,Samsung,Android,696,6.7,256.0,3300.0,10-2020
Galaxy Z Flip SM-F700 8/256GB Mirror Purple (SM-F700FZPD),35015.0,24588.0,41999.0,Samsung,Android,1029,6.7,256.0,3300.0,2-2020
Galaxy Z Fold2 12/256GB Mystic Black (SM-F916BZKQ),51460.0,44809.0,59999.0,Samsung,Android,1099,7.6,256.0,4500.0,8-2020
K10 Note 4/64GB Black,4630.0,4377.0,5026.0,Lenovo,Android,960,6.39,64.0,4050.0,6-2020
K12 6/64 Black,5101.0,4999.0,5185.0,Oukitel,Android,504,6.3,64.0,10000.0,7-2019
K12 6/64 Black,5101.0,4999.0,5185.0,Oukitel,Android,509,6.3,64.0,10000.0,7-2019
K13 4/64GB Black,5039.0,4880.0,5299.0,Oukitel,Android,328,6.41,64.0,11000.0,3-2020
K13 4/64GB Black,5039.0,4880.0,5299.0,Oukitel,Android,290,6.41,64.0,11000.0,3-2020
K13 4/64GB Pro Black,5146.0,4982.0,5399.0,Oukitel,Android,506,6.41,64.0,11000.0,3-2020
K13 Pro Leather Black,5331.0,4899.0,5631.0,Oukitel,Android,469,6.41,64.0,11000.0,3-2020
K5 Pro 4/64GB Black,3786.0,3639.0,3933.0,Lenovo,Android,731,5.99,64.0,4050.0,2-2019
K9 4/64 Black,5467.0,5199.0,5972.0,Oukitel,Android,467,7.12,64.0,6000.0,7-2019
KEYone,5674.0,5499.0,5849.0,BlackBerry,Android,916,4.5,32.0,3505.0,9-2017
King Kong CS,2500.0,2399.0,2651.0,Cubot,Android,115,5.0,16.0,4400.0,12-2020
King Kong CS,2500.0,2399.0,2651.0,Cubot,Android,124,5.0,16.0,4400.0,12-2020
King Kong CS,2500.0,2399.0,2651.0,Cubot,Android,165,5.0,16.0,4400.0,12-2020
Kingkong mini 3/32GB Red,3046.0,2889.0,3349.0,Cubot,Android,811,4.0,32.0,2000.0,8-2020
Kingkong mini 3/32GB Yellow,3046.0,2889.0,3349.0,Cubot,Android,749,4.0,32.0,2000.0,8-2020
M10 2/32GB Black,3190.0,2950.0,3499.0,Meizu,Android,120,6.5,32.0,4000.0,10-2019
M10 2/32GB Red,3312.0,3099.0,3499.0,Meizu,Android,232,6.5,32.0,4000.0,10-2019
M10 3/32GB Black,3325.0,2899.0,3705.0,Meizu,Android,890,6.5,32.0,4000.0,10-2019
M10 3/32GB Blue,3608.0,3325.0,3899.0,Meizu,Android,119,6.5,32.0,4000.0,10-2019
M5 Black,2840.0,2798.0,2907.0,AGM,Android,668,2.8,8.0,2500.0,3-2020
M6 Note 3/16GB Black,3281.0,3199.0,3363.0,Meizu,Android,651,5.5,16.0,4000.0,11-2017
M6T 2/16GB Black,2765.0,2699.0,2899.0,Meizu,Android,345,5.7,16.0,3300.0,7-2018
M8 4/64GB Black,3855.0,3549.0,4739.0,Meizu,Android,786,5.7,64.0,3100.0,11-2018
M8 4/64GB Blue,3726.0,3549.0,4059.0,Meizu,Android,482,5.7,64.0,3100.0,2-2019
MIX 2 6/64GB Black,3682.0,3636.0,3733.0,DOOGEE,Android,169,6.0,64.0,4060.0,1-2018
Mate 10 6/256GB Porsche Design,14257.0,13255.0,15675.0,HUAWEI,Android,606,6.0,256.0,4000.0,3-2018
Mate 20 DS 6/64GB Black,13612.0,13255.0,13969.0,HUAWEI,Android,566,6.53,64.0,4000.0,1-2019
Mate RS Porsche Design 6/256GB Black,13782.0,13499.0,13999.0,HUAWEI,Android,785,6.0,256.0,4000.0,12-2020
Mi 10 Lite 6/128GB Cosmic Grey,11104.0,8649.0,13083.0,Xiaomi,Android,926,6.57,128.0,4160.0,6-2020
Mi 10 Lite 8/256GB Dream White,12055.0,11898.0,12498.0,Xiaomi,Android,836,6.57,256.0,4160.0,6-2020
Mi 10T 6/128GB Cosmic Black,12778.0,12077.0,14728.0,Xiaomi,Android,1154,6.67,128.0,5000.0,10-2020
Mi 10T 8/128GB Cosmic Black,13236.0,12399.0,14538.0,Xiaomi,Android,1191,6.67,128.0,5000.0,10-2020
Mi 10T Lite 6/128GB Pearl Gray,9502.0,8999.0,10089.0,Xiaomi,Android,1133,6.67,128.0,4820.0,10-2020
Mi 10T Lite 6/64GB Pearl Gray,9039.0,8699.0,9299.0,Xiaomi,Android,1037,6.67,64.0,4820.0,10-2020
Mi 10T Pro 8/128GB Cosmic Black,15767.0,14999.0,16720.0,Xiaomi,Android,1152,6.67,128.0,5000.0,10-2020
Mi 10T Pro 8/256GB Cosmic Black,16756.0,15999.0,17538.0,Xiaomi,Android,1168,6.67,256.0,5000.0,10-2020
Mix 2 M2 4/64GB Black,2786.0,2644.0,2934.0,Vernee,Android,801,6.0,64.0,4200.0,8-2019
Mix 2 M2 4/64GB Blue,2865.0,2469.0,3089.0,Vernee,Android,559,6.0,64.0,4200.0,10-2018
Moto G5s (XT1794) Lunar Gray (PA7W0024UA),3569.0,3549.0,3590.0,Motorola,Android,431,5.2,32.0,3000.0,8-2017
Moto G5s (XT1794) Lunar Gray (PA7W0024UA),3569.0,3549.0,3590.0,Motorola,Android,434,5.2,32.0,3000.0,8-2017
Moto G5s XT1799 4/64GB Black (PA930008CN),3569.0,3549.0,3590.0,Motorola,Android,554,5.2,64.0,3000.0,5-2019
Moto G5s XT1799 4/64GB Black (PA930008CN),3569.0,3549.0,3590.0,Motorola,Android,549,5.2,64.0,3000.0,5-2019
Moto G6 Plus XT1926 Dual Sim 64GB Indigo Blue,6545.0,5490.0,7600.0,Motorola,Android,385,5.9,64.0,3200.0,6-2018
Moto G7 Play XT1952-2 Dual Sim 2/32GB Deep Indigo,3494.0,3199.0,3790.0,Motorola,Android,487,5.7,32.0,3000.0,5-2019
Moto G8 4/64GB Blue (PAHL0004RS),5084.0,4499.0,5415.0,Motorola,Android,722,6.4,64.0,4000.0,8-2020
Moto G8 4/64GB Blue (PAHL0004RS),5084.0,4499.0,5415.0,Motorola,Android,720,6.4,64.0,4000.0,8-2020
Moto G8 4/64GB White (PAHL0010RS),5105.0,4399.0,5415.0,Motorola,Android,528,6.4,64.0,4000.0,8-2020
Moto G8 4/64GB White (PAHL0010RS),5105.0,4399.0,5415.0,Motorola,Android,539,6.4,64.0,4000.0,8-2020
Moto G8 Plus XT2019-1 4/64GB Dual Sim Cosmic Blue (PAGE0015RS),5573.0,5299.0,5799.0,Motorola,Android,1041,6.3,64.0,4000.0,11-2019
Moto G9 Power 4/128GB Gray (PALR0020RS),5432.0,5299.0,5499.0,Motorola,Android,1149,6.4,128.0,5000.0,10-2020
Moto X Force (Black),5294.0,4999.0,5590.0,Motorola,Android,638,5.4,32.0,3760.0,4-2016
Moto Z 32GB White/Gold (SM4389AD1U1),3796.0,3399.0,4990.0,Motorola,Android,196,5.5,32.0,2600.0,9-2016
Moto Z2 Force 6/64GB Black (PA900007UA),7094.0,6999.0,7190.0,Motorola,Android,808,5.5,64.0,2730.0,11-2017
Moto Z2 Play Fine Gold (SM4482AJ1K7),5244.0,4999.0,5490.0,Motorola,Android,46,5.5,64.0,3000.0,7-2017
Moto Z2 Play Lunar Grey (SM4482AC3K7),5244.0,4999.0,5490.0,Motorola,Android,322,5.5,64.0,3000.0,7-2017
Moto Z3 Play 4/64GB Deep Indgo,6590.0,6190.0,6990.0,Motorola,Android,374,6.01,64.0,3000.0,7-2018
Moto Z4 4/128GB Flash Gray,11690.0,11490.0,11890.0,Motorola,Android,503,6.4,128.0,3600.0,7-2019
Moto Z4 4/128GB Flash Gray,11690.0,11490.0,11890.0,Motorola,Android,508,6.4,128.0,3600.0,7-2019
N20 4/64GB Black,2989.0,2835.0,3306.0,DOOGEE,Android,875,6.3,64.0,4350.0,10-2019
N20 Pro 6/128GB Green,4722.0,3799.0,5299.0,DOOGEE,Android,959,6.3,128.0,4400.0,9-2020
N30 4/128GB Dreamy Blue,3519.0,3244.0,3870.0,DOOGEE,Android,672,6.55,128.0,4500.0,11-2020
N30 4/128GB Dreamy Blue,3519.0,3244.0,3870.0,DOOGEE,Android,675,6.55,128.0,4500.0,11-2020
Nord 12/256GB Gray Onyx,12985.0,12670.0,13999.0,OnePlus,Android,1096,6.44,256.0,4115.0,7-2020
Nord 8/128GB Gray Onyx,12069.0,11149.0,13479.0,OnePlus,Android,1109,6.44,128.0,4115.0,7-2020
Nord N10 5G 6/128GB Midnight Ice,9795.0,7900.0,46617.0,OnePlus,Android,1194,6.49,128.0,4300.0,12-2020
Nord N100 4/64GB Midnight Frost,6112.0,5825.0,6999.0,OnePlus,Android,965,6.52,64.0,5000.0,11-2020
Note 20 Pro 6/128GB Black,3491.0,3349.0,3719.0,Cubot,Android,962,6.5,128.0,4200.0,10-2020
Note 7P 3/32GB Twilight,2999.0,2749.0,3358.0,Ulefone,Android,28,6.1,32.0,3500.0,8-2019
Note 7P 3/32GB Twilight,2999.0,2749.0,3358.0,Ulefone,Android,22,6.1,32.0,3500.0,8-2019
Note 8P 2/16GB Black,2125.0,1860.0,2369.0,Ulefone,Android,312,5.5,16.0,2700.0,7-2020
Note 8P 2/16GB Midnight Green,2148.0,1877.0,2369.0,Ulefone,Android,211,5.5,16.0,2700.0,7-2020
Note 8P 2/16GB Midnight Green,2148.0,1877.0,2369.0,Ulefone,Android,175,5.5,16.0,2700.0,7-2020
Note 9 4/64GB Black,4430.0,4069.0,5372.0,Meizu,Android,1167,6.2,64.0,4000.0,5-2019
Nova 4 8/128GB Black,9372.0,9172.0,9572.0,HUAWEI,Android,81,6.4,128.0,3750.0,3-2019
One Fusion+ 6/128GB Blue (PAJW0006RS),7071.0,6999.0,7499.0,Motorola,Android,1148,6.5,128.0,5000.0,9-2020
One Hyper XT2027-1 4/128GB Deep Sea Blue,8261.0,7999.0,8590.0,Motorola,Android,531,6.5,128.0,4000.0,3-2020
One Vision 4/128GB Sapphire Blue,6643.0,5697.0,7590.0,Motorola,Android,881,6.3,128.0,3500.0,6-2019
P Smart 2020 4/128GB Emerald Green,4681.0,4507.0,5055.0,HUAWEI,Android,641,6.21,128.0,3400.0,9-2020
P Smart Pro 6/128GB Midnight Black (51094UVB),7199.0,6999.0,7399.0,HUAWEI,Android,994,6.59,128.0,4000.0,11-2019
P Smart S 4/128GB Breathing Crystal (51095HVM),5802.0,5199.0,7077.0,HUAWEI,Android,914,6.3,128.0,4000.0,7-2020
P smart 2019 3/64GB Black (51093FSW),4262.0,3845.0,4990.0,HUAWEI,Android,825,6.21,64.0,3400.0,12-2018
P smart 2021 4/128GB Midnight Black (51096ABV),5311.0,4787.0,6499.0,HUAWEI,Android,1038,6.67,128.0,5000.0,10-2020
P smart Z 4/64GB Emerald Green (51093WVK),4989.0,4299.0,5499.0,HUAWEI,Android,1076,6.59,64.0,4000.0,7-2019
P30 4/64GB Black,3320.0,3069.0,3586.0,Cubot,Android,495,6.3,64.0,4000.0,6-2020
P30 6/128GB Black (51093NDK),15464.0,14801.0,19999.0,HUAWEI,Android,993,6.1,128.0,3650.0,3-2019
P30 Lite 4/128GB Breathing Crystal,5821.0,5649.0,6095.0,HUAWEI,Android,856,6.15,128.0,3340.0,9-2020
P30 Lite 6/256GB Peacock Blue,6257.0,5932.0,6897.0,HUAWEI,Android,1000,6.15,256.0,3340.0,7-2020
P30 Pro 6/128GB Black (51093TFT),16997.0,15650.0,18717.0,HUAWEI,Android,1056,6.47,128.0,4200.0,3-2019
P30 Pro 8/128GB Aurora,16798.0,16199.0,17999.0,HUAWEI,Android,1079,6.47,128.0,4200.0,3-2019
P30 Pro NEW EDITION 8/256GB Silver Frost,18484.0,17870.0,19599.0,HUAWEI,Android,1057,6.47,256.0,4200.0,7-2020
P40 8/128GB Black (51095EHY),17155.0,14150.0,22999.0,HUAWEI,Android,1064,6.1,128.0,3800.0,3-2020
P40 Pro 8/256GB Silver Frost (51095CAL),23465.0,22130.0,24999.0,HUAWEI,Android,1075,6.58,256.0,4200.0,3-2020
P40 Pro+ 8/512GB Black Ceramic,31656.0,30981.0,33089.0,HUAWEI,EMUI,417,6.58,512.0,4200.0,10-2020
P40 Pro+ 8/512GB Black Ceramic,31656.0,30981.0,33089.0,HUAWEI,EMUI,407,6.58,512.0,4200.0,10-2020
P40 lite 6/128GB Crush Green (51095CJX),6789.0,5998.0,7999.0,HUAWEI,Android,1061,6.4,128.0,4000.0,3-2020
P40 lite E 4/64GB Midnight Black (51095DCE),4243.0,3760.0,5999.0,HUAWEI,Android,1134,6.39,64.0,4000.0,3-2020
POP 2F B1F 1/16GB Midnight Black (4895180746659),1631.0,1479.0,1699.0,Tecno,Android,794,5.5,16.0,2400.0,9-2019
POP 3 BB2 1/16GB DS Sandstone Black (4895180751288),1810.0,1629.0,1979.0,Tecno,Android,468,5.7,16.0,3500.0,7-2020
POP 4 BC2 2/32GB DS Ice Lake Green (4895180759420),2236.0,2069.0,2299.0,Tecno,Android,864,6.0,32.0,5000.0,8-2020
Pixel 128GB (Quite Black),6838.0,5199.0,9700.0,Google,Android,520,5.0,128.0,2770.0,10-2016
Pixel 2 128GB Just Black,13014.0,6611.0,18186.0,Google,Android,718,5.0,128.0,2700.0,10-2017
Pixel 2 64GB Just Black,6667.0,5386.0,8490.0,Google,Android,895,5.0,64.0,2700.0,10-2017
Pixel 2 XL 64GB Just Black,12909.0,5999.0,17421.0,Google,Android,1050,6.0,64.0,3520.0,10-2017
Pixel 3 4/64GB Just Black,10274.0,9499.0,11499.0,Google,Android,1077,5.5,64.0,2915.0,10-2018
Pixel 3 XL 4/64GB Just Black,11238.0,8399.0,12999.0,Google,Android,1082,6.3,64.0,3430.0,10-2018
Pixel 32GB (Quite Black),4729.0,4699.0,4760.0,Google,Android,588,5.0,32.0,2770.0,10-2016
Pixel 3a 4/64GB Just Black,10071.0,7900.0,11199.0,Google,Android,867,5.6,64.0,3000.0,5-2019
Pixel 3a XL 4/64GB Just Black,11774.0,9577.0,12999.0,Google,Android,510,6.0,64.0,3700.0,5-2019
Pixel 4 6/64GB Just Black,17187.0,15944.0,19409.0,Google,Android,1065,5.7,64.0,2800.0,10-2019
Pixel 4 XL 6/128GB Just Black,25548.0,24763.0,26999.0,Google,Android,734,6.3,128.0,3700.0,10-2019
Pixel 4 XL 6/64GB Oh So Orange,19369.0,16600.0,22999.0,Google,Android,1019,6.3,64.0,3700.0,10-2019
Pixel 4a 5G 6/128GB Just Black,15706.0,14899.0,17718.0,Google,Android,1202,6.24,128.0,3885.0,10-2020
Pixel 4a 6/128GB Just Black,12106.0,11740.0,12999.0,Google,Android,1223,5.81,128.0,3140.0,8-2020
Pixel 5 8/128GB Just Black,21879.0,21150.0,24999.0,Google,Android,1165,6.0,128.0,4080.0,10-2020
Poco M3 4/128GB Black,5372.0,4933.0,6005.0,Xiaomi,Android,1116,6.53,128.0,6000.0,11-2020
Poco M3 4/64GB Black,4708.0,4270.0,5345.0,Xiaomi,Android,1217,6.53,64.0,6000.0,11-2020
Poco X3 NFC 6/128GB Cobalt Blue,7152.0,6836.0,7999.0,Xiaomi,Android,1222,6.67,128.0,5160.0,9-2020
Poco X3 NFC 6/64GB Cobalt Blue,6488.0,6169.0,7499.0,Xiaomi,Android,1211,6.67,64.0,5160.0,9-2020
Pocophone F1 6/128GB Blue,7231.0,6930.0,7999.0,Xiaomi,Android,946,6.18,128.0,4000.0,8-2018
Pop 4 Pro BC3 1/16GB Cosmic Shine,2314.0,1999.0,2419.0,Tecno,Android,639,6.52,16.0,5000.0,11-2020
Power 6 4/64GB Black,4204.0,3519.0,4520.0,Ulefone,Android,572,6.3,64.0,6350.0,9-2019
Power 6 4/64GB Blue,4335.0,4118.0,4780.0,Ulefone,Android,171,6.3,64.0,6350.0,9-2019
Power 6 4/64GB Red,4211.0,3999.0,4520.0,Ulefone,Android,416,6.3,64.0,6350.0,10-2019
Power 6 4/64GB Red,4211.0,3999.0,4520.0,Ulefone,Android,406,6.3,64.0,6350.0,10-2019
RAZR 2019 XT200-1 Noir Black,22713.0,21550.0,24999.0,Motorola,Android,827,6.4,128.0,2510.0,4-2020
RAZR 2019 XT2000-2 Noir Black,22760.0,21550.0,28572.0,Motorola,Android,972,6.2,128.0,2510.0,10-2020
ROG Phone 3 Strix 12/128GB Black (90AI0031-M00010),18618.0,17970.0,19999.0,ASUS,Android,973,6.59,128.0,6000.0,9-2020
ROG Phone 3 ZS661KS 12/128GB Black (90AI0032-M00180),18993.0,17589.0,20634.0,ASUS,Android,1140,6.59,128.0,6000.0,9-2020
ROG Phone 3 ZS661KS 12/256GB Black,21964.0,21377.0,22400.0,ASUS,Android,1002,6.59,256.0,6000.0,9-2020
ROG Phone 3 ZS661KS 12/512GB Black,28384.0,27299.0,29999.0,ASUS,Android,1088,6.59,512.0,6000.0,9-2020
Redmi 10x 4G 4/128GB Blue,5133.0,4649.0,5600.0,Xiaomi,Android,1102,6.53,128.0,5020.0,6-2020
Redmi 10x 4G 6/128GB Blue,5761.0,5569.0,5999.0,Xiaomi,Android,966,6.53,128.0,5020.0,6-2020
Redmi 4x 2/16GB Black,2358.0,2353.0,2363.0,Xiaomi,Android,580,5.0,16.0,4100.0,3-2017
Redmi 4x 2/16GB Gold,2358.0,2353.0,2363.0,Xiaomi,Android,597,5.0,16.0,4100.0,3-2017
Redmi 4x 4/64GB Black,2826.0,2775.0,2850.0,Xiaomi,Android,1093,5.0,64.0,4100.0,8-2017
Redmi 4x 4/64GB Gold,2826.0,2775.0,2850.0,Xiaomi,Android,850,5.0,64.0,4100.0,7-2017
Redmi 5 3/32GB Gold,3882.0,2940.0,4427.0,Xiaomi,Android,743,5.7,32.0,3300.0,12-2017
Redmi 5 Plus 4/64GB Black,3463.0,3458.0,3469.0,Xiaomi,Android,608,5.9,64.0,4000.0,12-2017
Redmi 5 Plus 4/64GB Gold,4265.0,3458.0,5349.0,Xiaomi,Android,859,5.9,64.0,4000.0,12-2017
Redmi 5A 2/16GB Gold,2420.0,2150.0,2560.0,Xiaomi,Android,715,5.0,16.0,3080.0,10-2017
Redmi 5A 3/32GB Gold,2400.0,2350.0,2450.0,Xiaomi,Android,141,5.0,32.0,3080.0,4-2018
Redmi 5A 3/32GB Gray,2749.0,2350.0,3449.0,Xiaomi,Android,358,5.0,32.0,3080.0,4-2018
Redmi 5A 3/32GB Gray,2749.0,2350.0,3449.0,Xiaomi,Android,366,5.0,32.0,3080.0,4-2018
Redmi 6 3/32GB Black,2794.0,2670.0,2877.0,Xiaomi,Android,878,5.45,32.0,3000.0,7-2018
Redmi 6 3/32GB Gold,2794.0,2670.0,2877.0,Xiaomi,Android,758,5.45,32.0,3000.0,6-2018
Redmi 6 3/64GB Gold,3193.0,3054.0,3333.0,Xiaomi,Android,343,5.45,64.0,3000.0,10-2018
Redmi 6 3/64GB Gold,3193.0,3054.0,3333.0,Xiaomi,Android,362,5.45,64.0,3000.0,10-2018
Redmi 6 4/64GB Black,3480.0,2995.0,4654.0,Xiaomi,Android,760,5.45,64.0,3000.0,8-2018
Redmi 6 Pro 3/32GB Black,3317.0,3233.0,3402.0,Xiaomi,Android,657,5.84,32.0,4000.0,7-2018
Redmi 6 Pro 4/64GB Black,3627.0,3550.0,3675.0,Xiaomi,Android,733,5.84,64.0,4000.0,7-2018
Redmi 7 4/64GB Blue,3671.0,3539.0,3785.0,Xiaomi,Android,176,6.26,64.0,4000.0,3-2019
Redmi 7 4/64GB Blue,3671.0,3539.0,3785.0,Xiaomi,Android,212,6.26,64.0,4000.0,3-2019
Redmi 7a 3/32GB Black,3468.0,3248.0,3762.0,Xiaomi,Android,999,5.45,32.0,4000.0,7-2019
Redmi 8 3/32GB Black,3559.0,3480.0,3599.0,Xiaomi,Android,1007,6.22,32.0,5000.0,10-2019
Redmi 8 4/64GB Blue,3840.0,3449.0,4286.0,Xiaomi,Android,1188,6.22,64.0,5000.0,10-2019
Redmi 8A 4/64GB Black,3503.0,3315.0,3950.0,Xiaomi,Android,1158,6.22,64.0,5000.0,4-2020
Redmi 9 3/32GB Grey NFC,4047.0,3795.0,4854.0,Xiaomi,Android,1151,6.53,32.0,5020.0,6-2020
Redmi 9 3/32GB Purple no NFC,4099.0,3733.0,4840.0,Xiaomi,Android,654,6.53,32.0,5020.0,11-2020
Redmi 9 4/128GB Blue (no NFC),4960.0,4690.0,5588.0,Xiaomi,Android,367,6.53,128.0,5020.0,10-2020
Redmi 9 4/128GB Blue (no NFC),4960.0,4690.0,5588.0,Xiaomi,Android,359,6.53,128.0,5020.0,10-2020
Redmi 9 4/128GB Green (no NFC),4822.0,4740.0,4929.0,Xiaomi,Android,263,6.53,128.0,5020.0,10-2020
Redmi 9 4/128GB Green (no NFC),4822.0,4740.0,4929.0,Xiaomi,Android,275,6.53,128.0,5020.0,10-2020
Redmi 9 4/128GB Grey (no NFC),4861.0,4638.0,5238.0,Xiaomi,Android,615,6.53,128.0,5020.0,10-2020
Redmi 9 4/128GB Pink (no NFC),4846.0,4690.0,5029.0,Xiaomi,Android,748,6.53,128.0,5020.0,10-2020
Redmi 9 4/64GB Grey NFC,4492.0,4295.0,5254.0,Xiaomi,Android,1206,6.53,64.0,5020.0,6-2020
Redmi 9 4/64Gb Pink (no NFC),4316.0,4077.0,4745.0,Xiaomi,Android,976,6.53,64.0,5020.0,11-2020
Redmi 9 6/128GB Grey (no NFC),5179.0,4740.0,5663.0,Xiaomi,Android,1015,6.53,128.0,5020.0,10-2020
Redmi 9A 2/32GB Granite Gray,3163.0,2898.0,4155.0,Xiaomi,Android,1142,6.53,32.0,5000.0,7-2020
Redmi 9C 2/32GB Midnight Gray,3490.0,3293.0,4302.0,Xiaomi,Android,934,6.53,32.0,5000.0,8-2020
Redmi 9C 3/64GB Midnight Gray,3778.0,3697.0,4499.0,Xiaomi,Android,1123,6.53,64.0,5000.0,8-2020
Redmi 9C NFC 2/32GB Midnight Gray,3484.0,3199.0,3809.0,Xiaomi,Android,863,6.53,32.0,5000.0,8-2020
Redmi 9C NFC 3/64GB Midnight Gray,4256.0,3599.0,4920.0,Xiaomi,Android,796,6.53,64.0,5000.0,8-2020
Redmi 9T 4/128GB Twilight Blue,6064.0,5847.0,6600.0,Xiaomi,Android,1107,6.53,128.0,6000.0,1-2021
Redmi K30 6/128GB Purple,8000.0,7850.0,8200.0,Xiaomi,Android,582,6.67,128.0,4500.0,5-2020
Redmi K30 8/128GB Purple,7725.0,7350.0,8499.0,Xiaomi,Android,1138,6.67,128.0,4500.0,5-2020
Redmi K30 8/256GB Red,8577.0,8220.0,9214.0,Xiaomi,Android,699,6.67,256.0,4500.0,5-2020
Redmi Note 4x 3/32GB Black,2675.0,2560.0,2789.0,Xiaomi,Android,945,5.5,32.0,4100.0,2-2017
Redmi Note 4x 4/64GB Black,2809.0,2730.0,2889.0,Xiaomi,Android,1127,5.5,64.0,4100.0,5-2017
Redmi Note 4x 4/64GB Gold,2809.0,2730.0,2889.0,Xiaomi,Android,781,5.5,64.0,4100.0,5-2017
Redmi Note 5 3/32GB Black,3320.0,3316.0,3325.0,Xiaomi,Android,937,5.9,32.0,4000.0,5-2018
Redmi Note 5 3/32GB Gold,3671.0,3260.0,4779.0,Xiaomi,Android,717,5.9,32.0,4000.0,5-2018
Redmi Note 5 3/32GB Rose Gold,3595.0,3377.0,3814.0,Xiaomi,Android,347,5.9,32.0,4000.0,5-2018
Redmi Note 5 4/64GB Gold,3451.0,2999.0,3639.0,Xiaomi,Android,1120,5.99,64.0,4000.0,5-2018
Redmi Note 6 Pro 4/64GB Blue,5010.0,4873.0,5147.0,Xiaomi,Android,420,6.26,64.0,4000.0,10-2018
Redmi Note 6 Pro 4/64GB Rose Gold,5010.0,4873.0,5147.0,Xiaomi,Android,392,6.26,64.0,4000.0,10-2018
Redmi Note 7 4/64GB Black,4323.0,4250.0,4459.0,Xiaomi,Android,1068,6.3,64.0,4000.0,1-2019
Redmi Note 8 3/32GB Blue,4304.0,4299.0,4309.0,Xiaomi,Android,971,6.3,32.0,4000.0,11-2019
Redmi Note 8 4/128GB Black,5261.0,4999.0,5701.0,Xiaomi,Android,912,6.3,128.0,4000.0,10-2019
Redmi Note 8 4/64GB Blue,4888.0,4499.0,5275.0,Xiaomi,Android,1171,6.3,64.0,4000.0,9-2019
Redmi Note 8 6/128GB Blue,5514.0,5260.0,5990.0,Xiaomi,Android,967,6.3,128.0,4000.0,9-2019
Redmi Note 8 6/64GB White,5164.0,4999.0,5329.0,Xiaomi,Android,771,6.3,64.0,4000.0,8-2020
Redmi Note 8 Pro 6/128GB Green,6811.0,6435.0,7264.0,Xiaomi,Android,1125,6.53,128.0,4500.0,9-2019
Redmi Note 8 Pro 6/64GB Green,6164.0,5699.0,6600.0,Xiaomi,Android,1193,6.53,64.0,4500.0,9-2019
Redmi Note 9 3/64GB Grey (no NFC),4834.0,4773.0,4895.0,Xiaomi,Android,465,6.53,64.0,5020.0,7-2020
Redmi Note 9 3/64GB Grey NFC,5085.0,4649.0,6099.0,Xiaomi,Android,1170,6.53,64.0,5020.0,5-2020
Redmi Note 9 4/128GB Grey NFC,5648.0,5399.0,6353.0,Xiaomi,Android,1200,6.53,128.0,5020.0,5-2020
Redmi Note 9 4/128GB White (no NFC),5210.0,5104.0,5489.0,Xiaomi,Android,646,6.53,128.0,5020.0,7-2020
Redmi Note 9 Pro 4/64GB Interstellar Grey,7014.0,6999.0,7030.0,Xiaomi,Android,757,6.67,64.0,5020.0,11-2020
Redmi Note 9 Pro 6/128GB Grey,7427.0,7025.0,7999.0,Xiaomi,Android,1219,6.67,128.0,5020.0,5-2020
Redmi Note 9 Pro 6/64GB Green,6820.0,6395.0,7204.0,Xiaomi,Android,1201,6.67,64.0,5020.0,5-2020
Redmi Note 9S 4/64GB Grey,5754.0,5295.0,6555.0,Xiaomi,Android,1196,6.67,64.0,5020.0,4-2020
Redmi Note 9S 6/128GB Grey,6576.0,6232.0,7239.0,Xiaomi,Android,1137,6.67,128.0,5020.0,4-2020
Redmi Note 9T 4/128GB Nightfall Black,8442.0,7780.0,8999.0,Xiaomi,Android,763,6.53,128.0,5000.0,1-2021
Redmi Note 9T 4/64GB Daybreak Purple,7682.0,6999.0,8499.0,Xiaomi,Android,958,6.53,64.0,5000.0,1-2021
Reno 4 Lite 8/128GB Magic Blue,10221.0,8668.0,12760.0,OPPO,Android,991,6.43,128.0,4025.0,9-2020
Reno 4 Pro 8/256GB Starry Night,15361.0,13399.0,18478.0,OPPO,Android,1020,6.5,256.0,4000.0,9-2020
Reno 6/256GB Ocean Green,10341.0,9929.0,10699.0,OPPO,Android,751,6.4,256.0,3765.0,4-2020
Reno2 8/256GB Ocean Blue,12535.0,12020.0,13036.0,OPPO,Android,1060,6.5,256.0,4000.0,12-2019
Reno2 Z 8/128GB Black,8450.0,8120.0,8999.0,OPPO,Android,974,6.5,128.0,4000.0,12-2019
Reno4 Z 5G 8/128GB Black,10974.0,10750.0,11369.0,OPPO,Android,349,6.57,128.0,4000.0,10-2020
S1 1/8GB Black,1697.0,1594.0,1799.0,Ulefone,Android,34,5.5,8.0,3000.0,11-2018
S1 1/8GB Black,1697.0,1594.0,1799.0,Ulefone,Android,84,5.5,8.0,3000.0,11-2018
S1 Black,3032.0,3015.0,3050.0,Bluboo,Android,58,5.5,64.0,3500.0,10-2017
S31 Black,6718.0,6199.0,8668.0,CAT,Android,591,4.7,16.0,4000.0,2-2018
S40 3/32GB Black,2939.0,2740.0,3699.0,DOOGEE,Android,924,5.5,32.0,4650.0,8-2019
S40 Lite 2/16GB Black,2707.0,2199.0,3029.0,DOOGEE,Android,288,5.5,16.0,4650.0,8-2020
S40 Lite 2/16GB Black,2707.0,2199.0,3029.0,DOOGEE,Android,300,5.5,16.0,4650.0,8-2020
S40 Lite 2/16GB Black,2707.0,2199.0,3029.0,DOOGEE,Android,324,5.5,16.0,4650.0,8-2020
S40 Pro 4/64GB Black,3590.0,3269.0,3795.0,DOOGEE,Android,552,5.45,64.0,4650.0,11-2020
S40 Pro 4/64GB Black,3590.0,3269.0,3795.0,DOOGEE,Android,557,5.45,64.0,4650.0,11-2020
S42 Dual Black,9148.0,8800.0,9699.0,CAT,Android,631,5.5,32.0,4200.0,9-2020
S5 4/64GB Pink,3245.0,3230.0,3260.0,Lenovo,Android,498,5.7,64.0,3000.0,7-2019
S5 Pro 6/64GB Black,4183.0,4149.0,4218.0,Lenovo,Android,727,6.2,64.0,3500.0,3-2019
S5 Pro 6/64Gb Gold,3957.0,3799.0,4149.0,Lenovo,Android,586,6.2,64.0,3500.0,8-2019
S52,13259.0,11190.0,17896.0,CAT,Android,784,5.65,64.0,3100.0,11-2019
S55 4/64GB Black,3527.0,3370.0,3689.0,DOOGEE,Android,647,5.5,64.0,5500.0,2-2019
S561 3/32GB Black,2872.0,2699.0,2908.0,Philips,Android,862,5.45,32.0,4000.0,1-2020
S58 Pro 6/64GB Black,4998.0,4270.0,5999.0,DOOGEE,Android,986,5.71,64.0,5180.0,9-2020
S60,10977.0,10537.0,11628.0,CAT,Android,809,4.7,32.0,3800.0,8-2016
S60 Lite 4/32GB Black,3789.0,3549.0,4161.0,DOOGEE,Android,297,5.2,32.0,5580.0,5-2018
S60 Lite 4/32GB Black,3789.0,3549.0,4161.0,DOOGEE,Android,336,5.2,32.0,5580.0,5-2018
S61 Black,25649.0,18730.0,31317.0,CAT,Android,777,5.2,64.0,4500.0,8-2018
S62 Pro,19229.0,18750.0,20698.0,CAT,Android,1051,5.7,128.0,4000.0,9-2020
S68 Pro 6/128GB Black,6680.0,5410.0,8699.0,DOOGEE,Android,848,5.9,128.0,6300.0,1-2020
S88 Pro 6/128GB Black,6514.0,5439.0,7299.0,DOOGEE,Android,1053,6.3,128.0,10000.0,8-2020
S90C 4/128GB Black,5612.0,4899.0,6128.0,DOOGEE,Android,476,6.18,128.0,5050.0,8-2020
S90C 4/64GB GIFT Orange,8071.0,5649.0,9418.0,DOOGEE,Android,68,6.18,64.0,5050.0,4-2020
S95 Pro 8/128GB Black,8904.0,8599.0,9499.0,DOOGEE,Android,955,6.3,128.0,5150.0,2-2020
S95 Pro 8/256GB Mineral Black,9430.0,9249.0,9649.0,DOOGEE,Android,445,6.3,256.0,5150.0,7-2020
S96 Pro 8/128GB Black,7791.0,7599.0,8237.0,DOOGEE,Android,534,6.22,128.0,6350.0,1-2021
S96 Pro 8/128GB Green,7842.0,7599.0,8237.0,DOOGEE,Android,139,6.22,128.0,6350.0,1-2021
S96 Pro 8/128GB Orange,7903.0,7679.0,8237.0,DOOGEE,Android,438,6.22,128.0,6350.0,1-2021
Sense 55S 16GB Black,2775.0,2222.0,2899.0,Archos,Android,72,5.5,16.0,3000.0,3-2018
Smart Ultra Dark Gray,2142.0,1785.0,2499.0,Vodafone,Android,593,5.5,16.0,2960.0,1-2017
Spark 4 Lite 2/32GB Midnight Black (4895180754593),2321.0,2111.0,2599.0,Tecno,Android,656,6.52,32.0,4000.0,5-2020
Spark 5 Pro KD7 4/128GB DS Spark Orange,3762.0,3333.0,3999.0,Tecno,Android,1058,6.6,128.0,5000.0,7-2020
Spark 5 Pro KD7 4/64GB DS Spark Orange,3583.0,3177.0,3799.0,Tecno,Android,1074,6.6,64.0,5000.0,7-2020
Spark 6 Go KE5 2/32GB Aqua Blue (4895180762383),2769.0,2497.0,2899.0,Tecno,Android,837,6.52,32.0,5000.0,10-2020
Spark 6 Go KE5j 3/64GB Aqua Blue (4895180762918),3193.0,2899.0,3399.0,Tecno,Android,799,6.52,64.0,5000.0,11-2020
Spark 6 KE7 4/128GB Comet Black (4895180762079),4129.0,3740.0,4399.0,Tecno,Android,1005,6.8,128.0,5000.0,11-2020
Spark 6 KE7 4/64GB Ocean Blue (4895180762024),3750.0,3399.0,3999.0,Tecno,Android,983,6.8,64.0,5000.0,11-2020
Surface Duo 6GB/256GB (TGM-00001),44232.0,42999.0,46879.0,Microsoft,Android,501,8.1,256.0,3577.0,1-2021
U 6/128GB Black,5095.0,4897.0,5400.0,Elephone,Android,518,5.99,128.0,3620.0,11-2019
U11 4/64GB Black 99HAMB075-00,5649.0,5399.0,5899.0,HTC,Android,682,5.5,64.0,3000.0,6-2017
U20 5G 8/256GB White,19649.0,18895.0,20999.0,HTC,Android,579,6.8,256.0,5000.0,11-2020
U3H 8/256GB Black,6615.0,6499.0,6726.0,Elephone,Android,372,6.53,256.0,3500.0,6-2020
U3H 8/256GB Black,6615.0,6499.0,6726.0,Elephone,Android,354,6.53,256.0,3500.0,6-2020
V20 8/128GB Midnight Jazz,11632.0,10420.0,11999.0,vivo,Android,894,6.44,128.0,4000.0,10-2020
V20 8/128GB Sunset Melody,11360.0,10499.0,11999.0,vivo,Android,935,6.44,128.0,4000.0,10-2020
V20 SE 8/128GB Gravity Black,8762.0,7869.0,8999.0,vivo,Android,684,6.44,128.0,4100.0,10-2020
V40 ThinQ 4/64GB Aurora Black,6874.0,6699.0,7049.0,LG,Android,919,6.4,128.0,3300.0,11-2019
V50 ThinQ 5G 6/128GB Single Sim Black,9798.0,9299.0,10099.0,LG,Android,1081,6.4,128.0,4000.0,10-2019
V50S ThinQ 5G 8/256GB Aurora Black,10499.0,9999.0,10999.0,LG,Android,1100,6.4,256.0,4000.0,5-2020
V9 6/64GB Red,6186.0,6102.0,6270.0,Honor,Android,344,5.7,64.0,4000.0,10-2018
V9 6/64GB Red,6186.0,6102.0,6270.0,Honor,Android,363,5.7,64.0,4000.0,10-2018
Velvet 5G LM-G900EM 6/128GB Aurora Gray,15525.0,15169.0,16016.0,LG,Android,779,6.8,128.0,4300.0,12-2020
WP1 4/64GB Black,3404.0,3299.0,3509.0,Oukitel,Android,9,5.5,64.0,5000.0,2-2019
WP2 4/64GB Black,4449.0,4390.0,4549.0,Oukitel,Android,681,6.0,64.0,10000.0,2-2019
WP2 4/64GB Gold,4433.0,4360.0,4539.0,Oukitel,Android,33,6.0,64.0,10000.0,2-2019
WP5 3/32GB Black,3149.0,2999.0,3449.0,Oukitel,Android,728,5.5,32.0,8000.0,4-2020
WP5 Pro 4/64GB Black,3813.0,3719.0,3949.0,Oukitel,Android,969,5.5,64.0,8000.0,8-2020
WP6 4/128GB Black,5231.0,4960.0,5759.0,Oukitel,Android,1085,6.3,128.0,10000.0,9-2020
WP6 6/128GB Black,6628.0,6365.0,7040.0,Oukitel,Android,939,6.3,128.0,10000.0,6-2020
WP7 8/128GB Black,9981.0,9072.0,12179.0,Oukitel,Android,932,6.53,128.0,8000.0,6-2020
WP8 Pro 4/64GB Black,4897.0,3810.0,13499.0,Oukitel,Android,820,6.49,64.0,5000.0,11-2020
X 4/64GB Black,2823.0,2797.0,2850.0,Vernee,Android,766,6.0,64.0,6200.0,10-2018
X Cover 4s G398F (SM-G398FZKD),7130.0,5630.0,7499.0,Samsung,Android,944,5.0,32.0,2800.0,8-2019
X Screen 16GB Single K500n White,2749.0,2699.0,2799.0,LG,Android,348,4.93,16.0,2300.0,10-2019
X-TREME PQ39 ULTRA Black,9323.0,7999.0,9555.0,Sigma mobile,Android,723,5.5,128.0,9000.0,11-2020
X-TREME PQ39 ULTRA Black-Green,9348.0,8070.0,9555.0,Sigma mobile,Android,485,5.5,128.0,9000.0,11-2020
X-TREME PQ54 MAX,6883.0,5999.0,7408.0,Sigma mobile,Android,903,5.7,64.0,6500.0,11-2020
X-style S3500 sKai Black,1036.0,899.0,1059.0,Sigma mobile,KAIOS,832,2.4,4.0,2000.0,9-2019
X-treme PQ20 Black,2552.0,2199.0,3399.0,Sigma mobile,Android,822,5.0,8.0,5000.0,8-2019
X-treme PQ20 Black Orange,2546.0,2280.0,3399.0,Sigma mobile,Android,360,5.0,8.0,5000.0,8-2019
X-treme PQ20 Black Orange,2546.0,2280.0,3399.0,Sigma mobile,Android,368,5.0,8.0,5000.0,8-2019
X-treme PQ29 Black,4175.0,3999.0,4486.0,Sigma mobile,Android,237,5.0,16.0,5000.0,4-2019
X-treme PQ29 Black-Orange,4074.0,3680.0,4455.0,Sigma mobile,Android,371,5.0,16.0,5000.0,4-2019
X-treme PQ29 Black-Orange,4074.0,3680.0,4455.0,Sigma mobile,Android,353,5.0,16.0,5000.0,4-2019
X-treme PQ36 Black,4606.0,4399.0,4777.0,Sigma mobile,Android,812,5.45,32.0,5000.0,4-2020
X-treme PQ36 Orange,4671.0,4180.0,4777.0,Sigma mobile,Android,618,5.45,32.0,5000.0,4-2020
X-treme PQ52 Black-Orange,3999.0,3599.0,4399.0,Sigma mobile,Android,42,5.0,32.0,3000.0,2-2018
X-treme PQ53 Black,4983.0,4077.0,5199.0,Sigma mobile,Android,182,5.7,16.0,5000.0,10-2018
X-treme PQ54 Black (4827798865712),6603.0,6388.0,6799.0,Sigma mobile,Android,67,5.7,32.0,6500.0,12-2018
X19 4/64GB Black,3016.0,2993.0,3048.0,Cubot,Android,78,5.93,64.0,4000.0,8-2020
X20 Pro 6/128GB Black,4265.0,4160.0,4370.0,Cubot,Android,315,6.3,128.0,4000.0,6-2020
X3 6/64GB Black,11278.0,9999.0,12376.0,AGM,Android,831,5.99,64.0,4100.0,11-2019
X50 5G 6/128GB Jungle Green,9049.0,8999.0,9099.0,realme,Android,679,6.57,128.0,4200.0,10-2020
X50 8/128GB Frost Blue,15507.0,13849.0,17289.0,vivo,Android,829,6.56,128.0,4315.0,7-2020
X50 8/128GB Graze Black,15505.0,13849.0,17289.0,vivo,Android,892,6.56,128.0,4315.0,7-2020
X50 Pro 5G 8/256GB Rust Red,14785.0,14430.0,15239.0,realme,Android,902,6.44,256.0,4200.0,1-2021
X50 Pro 8/256GB Alpha Grey,24519.0,22099.0,26879.0,vivo,Android,981,6.56,256.0,4315.0,7-2020
X60L Matte Black (6924351653118),2200.0,2149.0,2251.0,DOOGEE,Android,16,5.5,16.0,3300.0,4-2018
X7 Dual Sim 6/128GB Black,7515.0,7357.0,7757.0,Nokia,Android,250,6.18,128.0,3500.0,10-2019
X7 Dual Sim 6/64GB Black,6916.0,6333.0,7524.0,Nokia,Android,652,6.18,64.0,3500.0,8-2019
X90 1/16GB Black,1844.0,1333.0,2089.0,DOOGEE,Android,725,6.1,16.0,3400.0,5-2019
X90 1/16GB Blue,1967.0,1779.0,2089.0,DOOGEE,Android,479,6.1,16.0,3400.0,5-2019
X90 1/16GB Gold,1949.0,1775.0,2249.0,DOOGEE,Android,30,6.1,16.0,3400.0,5-2019
X90 1/16GB Gold,1949.0,1775.0,2249.0,DOOGEE,Android,24,6.1,16.0,3400.0,5-2019
X95 2/16GB Black,2494.0,2040.0,2799.0,DOOGEE,Android,677,6.52,16.0,4350.0,6-2020
X95 2/16GB Green,2517.0,2090.0,2923.0,DOOGEE,Android,457,6.52,16.0,4350.0,6-2020
X95 2/16GB Green,2517.0,2090.0,2923.0,DOOGEE,Android,447,6.52,16.0,4350.0,6-2020
Xperia 1 II XQ-AT52 12/256GB Mirror Lake Green,34165.0,31520.0,36999.0,Sony,Android,1001,6.5,256.0,4000.0,12-2020
Xperia 1 II XQ-AT52 8/256GB Purple,31426.0,29990.0,33999.0,Sony,Android,1066,6.5,256.0,4000.0,8-2020
Xperia 1 J9110 Black,18063.0,17480.0,18999.0,Sony,Android,1028,6.5,128.0,3330.0,6-2019
Xperia 10 II 4/128GB Mint,10887.0,10319.0,11990.0,Sony,Android,1143,6.0,128.0,3600.0,8-2020
Xperia 5 II 8/256GB Blue,29927.0,28549.0,31894.0,Sony,Android,1025,6.1,256.0,4000.0,10-2020
Xperia 5 J9210 6/128GB Black,17475.0,16980.0,18499.0,Sony,Android,1014,6.1,128.0,3140.0,9-2019
Xperia Z5 Dual E6683 (White),5244.0,5143.0,5415.0,Sony,Android,565,5.2,32.0,2900.0,9-2015
Xrover C 2/16GB Black,2684.0,2599.0,2769.0,LEAGOO,Android,69,5.72,16.0,5000.0,3-2020
Y15 4/64GB Aqua Blue,4249.0,3960.0,4915.0,vivo,Android,627,6.35,64.0,5000.0,7-2019
Y15 4/64GB Aqua Blue,4249.0,3960.0,4915.0,vivo,Android,623,6.35,64.0,5000.0,7-2019
Y15 4/64GB Burgundy Red,4356.0,4145.0,4499.0,vivo,Android,573,6.35,64.0,5000.0,7-2019
Y19 4/128GB Black,4998.0,4997.0,4999.0,vivo,Android,739,6.53,128.0,5000.0,12-2019
Y1S 2/32GB Black,3117.0,2849.0,3729.0,vivo,Android,680,6.22,32.0,4030.0,7-2020
Y1S 2/32GB Blue,3080.0,2850.0,3209.0,vivo,Android,574,6.22,32.0,4030.0,7-2020
Y20 4/64GB Nebula Blue,4732.0,4299.0,4999.0,vivo,Android,810,6.51,64.0,5000.0,10-2020
Y20 4/64GB Obsidian Black,4752.0,4299.0,5296.0,vivo,Android,928,6.51,64.0,5000.0,10-2020
Y30 4/64GB Black,4481.0,4399.0,4499.0,vivo,Android,587,6.47,64.0,5000.0,7-2020
Y30 4/64GB Blue,4467.0,4349.0,4499.0,vivo,Android,896,6.47,64.0,5000.0,7-2020
Y5 2019 2/16GB Black (51093SHA),2742.0,2689.0,2799.0,HUAWEI,Android,595,5.71,16.0,3020.0,5-2019
Y5 2019 2/16GB Black (51093SHA),2742.0,2689.0,2799.0,HUAWEI,Android,602,5.71,16.0,3020.0,5-2019
Y5 2019 2/16GB Brown (51093SHE),2768.0,2599.0,3109.0,HUAWEI,Android,787,5.71,16.0,3020.0,5-2019
Y5p 2/32GB Mint Green (51095MUB),2598.0,2399.0,2699.0,HUAWEI,Android,961,5.45,32.0,3020.0,5-2020
Y6 2019 DS Amber Brown (51093PMR),3195.0,2999.0,3299.0,HUAWEI,Android,575,6.09,32.0,3020.0,3-2019
Y6 2019 DS Amber Brown (51093PMR),3195.0,2999.0,3299.0,HUAWEI,Android,577,6.09,32.0,3020.0,3-2019
Y6 2019 DS Blue,3121.0,2829.0,3299.0,HUAWEI,Android,352,6.09,32.0,3020.0,4-2019
Y6 2019 DS Blue,3121.0,2829.0,3299.0,HUAWEI,Android,370,6.09,32.0,3020.0,4-2019
Y6 2019 DS Midnight Black (51093PMP),2974.0,2699.0,3299.0,HUAWEI,Android,791,6.09,32.0,3020.0,3-2019
Y6 Pro (Gold),2687.0,2666.0,2708.0,HUAWEI,Android,408,5.0,16.0,4000.0,3-2016
Y6p 3/64GB Midnight Black (51095KYP),3812.0,3330.0,4199.0,HUAWEI,Android,1086,6.3,64.0,5000.0,5-2020
Y6s 3/32GB Orhid Blue (51094WBU),3516.0,3299.0,3888.0,HUAWEI,Android,260,6.09,32.0,3020.0,1-2020
Y6s 3/32GB Orhid Blue (51094WBU),3516.0,3299.0,3888.0,HUAWEI,Android,272,6.09,32.0,3020.0,1-2020
Y6s 3/32GB Starry Black (51094WBW),3496.0,3199.0,3888.0,HUAWEI,Android,789,6.09,32.0,3020.0,1-2020
Y7 2019 3/32GB Coral Red (51093HEW),3702.0,3499.0,4009.0,HUAWEI,Android,550,6.26,32.0,4000.0,2-2019
Y7 2019 3/32GB Coral Red (51093HEW),3702.0,3499.0,4009.0,HUAWEI,Android,555,6.26,32.0,4000.0,2-2019
Zenfone 5 ZE620KL 4/64GB Blue (ZE620KL-1A012WW),5663.0,5528.0,5799.0,ASUS,Android,893,6.2,64.0,3300.0,3-2018
Zenfone 7 Pro ZS671KS 8/256GB Black,27417.0,26290.0,31299.0,ASUS,Android,980,6.67,256.0,5000.0,10-2020
Zenfone 7 ZS670KS 8/128GB Black,21435.0,20650.0,23799.0,ASUS,Android,1012,6.67,128.0,5000.0,10-2020
iPhone 11 128GB Black (MWLE2),22320.0,19740.0,25178.0,Apple,iOS,1215,6.1,128.0,3110.0,9-2019
iPhone 11 128GB Dual Sim Black (MWN72),23176.0,20868.0,25645.0,Apple,iOS,968,6.1,128.0,3110.0,9-2019
iPhone 11 128GB Slim Box Black (MHDH3),22105.0,20469.0,25248.0,Apple,iOS,1106,6.1,128.0,3110.0,11-2020
iPhone 11 256GB Black (MWLL2),25919.0,21432.0,28499.0,Apple,iOS,1090,6.1,256.0,3110.0,9-2019
iPhone 11 256GB Slim Box Black (MHDP3),26090.0,24299.0,29999.0,Apple,iOS,635,6.1,256.0,3110.0,11-2020
iPhone 11 64GB Black (MWLT2),20889.0,18200.0,26499.0,Apple,iOS,1221,6.1,64.0,3110.0,9-2019
iPhone 11 64GB Dual Sim White (MWN12),20986.0,19458.0,25290.0,Apple,iOS,804,6.1,64.0,3110.0,9-2019
iPhone 11 64GB Slim Box Black (MHDA3),21228.0,19380.0,24999.0,Apple,iOS,854,6.1,64.0,3110.0,11-2020
iPhone 11 Pro 256GB Dual Sim Midnight Green (MWDH2),33505.0,31199.0,38003.0,Apple,iOS,708,5.8,256.0,3190.0,10-2019
iPhone 11 Pro 256GB Midnight Green (MWCQ2),31724.0,26700.0,38999.0,Apple,iOS,1189,5.8,256.0,3190.0,9-2019
iPhone 11 Pro 512GB Dual Sim Silver (MWDK2),36188.0,31899.0,50670.0,Apple,iOS,564,5.8,512.0,3190.0,10-2019
iPhone 11 Pro 512GB Midnight Green (MWCV2),34617.0,29610.0,45999.0,Apple,iOS,943,5.8,512.0,3190.0,9-2019
iPhone 11 Pro 64GB Dual Sim Silver (MWDA2),29614.0,24534.0,32162.0,Apple,iOS,542,5.8,64.0,3190.0,10-2019
iPhone 11 Pro 64GB Space Gray (MWC22/MWCH2),28735.0,22842.0,32999.0,Apple,iOS,1207,5.8,64.0,3190.0,9-2019
iPhone 11 Pro Max 256GB Dual Sim Gold (MWF32),38918.0,32699.0,48020.0,Apple,iOS,756,6.5,256.0,3969.0,10-2019
iPhone 11 Pro Max 256GB Midnight Green (MWH72),35280.0,30174.0,42499.0,Apple,iOS,1119,6.5,256.0,3969.0,9-2019
iPhone 11 Pro Max 512GB Dual Sim Silver (MWF62),42968.0,37639.0,46399.0,Apple,iOS,379,6.5,512.0,3969.0,10-2019
iPhone 11 Pro Max 512GB Space Gray (MWH82),38447.0,28050.0,49499.0,Apple,iOS,1069,6.5,512.0,3969.0,9-2019
iPhone 11 Pro Max 64GB Dual Sim Space Gray (MWEV2),32583.0,29328.0,35717.0,Apple,iOS,628,6.5,64.0,3969.0,10-2019
iPhone 11 Pro Max 64GB Dual Sim Space Gray (MWEV2),32583.0,29328.0,35717.0,Apple,iOS,624,6.5,64.0,3969.0,10-2019
iPhone 11 Pro Max 64GB Space Gray (MWGY2; MWHD2),32053.0,26999.0,40999.0,Apple,iOS,1176,6.5,64.0,3969.0,9-2019
iPhone 12 128GB Black (MGJA3/MGHC3),28735.0,25380.0,35499.0,Apple,iOS,1213,6.1,128.0,2815.0,10-2020
iPhone 12 128GB Dual Sim Black (MGGU3),29168.0,27847.0,36530.0,Apple,iOS,846,6.1,128.0,2815.0,10-2020
iPhone 12 256GB Black (MGJG3/MGHH3),31795.0,29328.0,38999.0,Apple,iOS,1091,6.1,256.0,2815.0,10-2020
iPhone 12 256GB Dual Sim Black (MGH13),33660.0,30992.0,39340.0,Apple,iOS,735,6.1,256.0,2815.0,10-2020
iPhone 12 64GB Blue (MGJ83/MGH93),26840.0,24665.0,33499.0,Apple,iOS,1205,6.1,64.0,2815.0,10-2020
iPhone 12 64GB Dual Sim (PRODUCT)RED (MGGP3),25792.0,24299.0,33720.0,Apple,iOS,987,6.1,64.0,2815.0,10-2020
iPhone 12 Pro 128GB Dual Sim Pacific Blue (MGLD3),35507.0,33550.0,42999.0,Apple,iOS,1043,6.1,128.0,2815.0,10-2020
iPhone 12 Pro 128GB Pacific Blue (MGMN3/MGLR3),33992.0,31849.0,42999.0,Apple,iOS,1224,6.1,128.0,2815.0,10-2020
iPhone 12 Pro 256GB Dual Sim Pacific Blue (MGLH3),38912.0,36299.0,48999.0,Apple,iOS,996,6.1,256.0,2815.0,10-2020
iPhone 12 Pro 256GB Pacific Blue (MGMT3/MGLW3),37068.0,34745.0,53731.0,Apple,iOS,1198,6.1,256.0,2815.0,10-2020
iPhone 12 Pro 512GB Dual Sim Pacific Blue (MGLM3),46503.0,44199.0,50760.0,Apple,iOS,724,6.1,512.0,2815.0,10-2020
iPhone 12 Pro 512GB Pacific Blue (MGMX3/MGM43),44716.0,41996.0,51999.0,Apple,iOS,873,6.1,512.0,2815.0,10-2020
iPhone 12 Pro Max 128GB Dual Sim Graphite (MGC03),37574.0,35941.0,46999.0,Apple,iOS,1046,6.7,128.0,3687.0,11-2020
iPhone 12 Pro Max 128GB Graphite (MGD73),37455.0,33692.0,46999.0,Apple,iOS,1216,6.7,128.0,3687.0,10-2020
iPhone 12 Pro Max 256GB Dual Sim Pacific Blue (MGC73),41729.0,39620.0,50999.0,Apple,iOS,997,6.7,256.0,3687.0,11-2020
iPhone 12 Pro Max 256GB Pacific Blue (MGDF3),40910.0,37216.0,50499.0,Apple,iOS,1203,6.7,256.0,3687.0,10-2020
iPhone 12 Pro Max 512GB Dual Sim Pacific Blue (MGCE3),49242.0,45120.0,64999.0,Apple,iOS,872,6.7,512.0,3687.0,11-2020
iPhone 12 Pro Max 512GB Pacific Blue (MGDL3),46325.0,43396.0,57999.0,Apple,iOS,1103,6.7,512.0,3687.0,10-2020
iPhone 12 mini 128GB Black (MGE33),25687.0,23293.0,31499.0,Apple,iOS,1183,5.4,128.0,2227.0,10-2020
iPhone 12 mini 256GB Black (MGE93),31369.0,28599.0,35499.0,Apple,iOS,995,5.4,256.0,2227.0,10-2020
iPhone 12 mini 64GB Black (MGDX3),23939.0,21150.0,31672.0,Apple,iOS,1195,5.4,64.0,2227.0,10-2020
iPhone 5S 16GB Space Gray (ME432),4691.0,3499.0,5827.0,Apple,iOS,780,4.0,16.0,1570.0,9-2013
iPhone 5S 32GB (Space Gray),3704.0,3699.0,3713.0,Apple,iOS,524,4.0,32.0,1570.0,9-2013
iPhone 6 16GB Space Gray (MG472),4266.0,4230.0,4290.0,Apple,iOS,589,4.7,16.0,1810.0,9-2014
iPhone 6 32GB Space Grey (MQ3D2),6988.0,4550.0,8137.0,Apple,iOS,644,4.7,32.0,1810.0,3-2017
iPhone 6 64GB Space Gray (MG4F2),4623.0,4500.0,4794.0,Apple,iOS,716,4.7,64.0,1810.0,9-2014
iPhone 6 Plus 16GB (Silver),5242.0,5239.0,5248.0,Apple,iOS,313,5.5,16.0,2915.0,9-2014
iPhone 6 Plus 64GB Space Gray (MGAH2),5889.0,5889.0,5890.0,Apple,iOS,341,5.5,64.0,2915.0,9-2014
iPhone 6s 128GB Space Gray (MKQT2),6876.0,6319.0,7990.0,Apple,iOS,402,4.7,128.0,1715.0,9-2015
iPhone 6s 128GB Space Gray (MKQT2),6876.0,6319.0,7990.0,Apple,iOS,412,4.7,128.0,1715.0,9-2015
iPhone 6s 16GB Space Gray (MKQJ2),5181.0,4899.0,5990.0,Apple,iOS,640,4.7,16.0,1715.0,9-2015
iPhone 6s 32GB Space Gray (MN0W2),5917.0,4394.0,9824.0,Apple,iOS,922,4.7,32.0,1715.0,9-2016
iPhone 6s 64GB Space Gray (MKQN2),9057.0,5699.0,10992.0,Apple,iOS,687,4.7,64.0,1715.0,9-2015
iPhone 6s Plus 32GB Space Gray (MN2V2),9422.0,6900.0,10406.0,Apple,iOS,683,5.5,32.0,2915.0,9-2016
iPhone 6s Plus 64GB Space Gray (MKU62),7074.0,6800.0,7499.0,Apple,iOS,754,5.5,64.0,2915.0,9-2015
iPhone 7 128GB Jet Black (MN962),11829.0,6193.0,16327.0,Apple,iOS,1121,4.7,128.0,1960.0,9-2016
iPhone 7 256GB Black (MN972),12446.0,8000.0,18016.0,Apple,iOS,351,4.7,256.0,1960.0,9-2016
iPhone 7 256GB Black (MN972),12446.0,8000.0,18016.0,Apple,iOS,369,4.7,256.0,1960.0,9-2016
iPhone 7 32GB Black (MN8X2),9571.0,5987.0,12949.0,Apple,iOS,1169,4.7,32.0,1960.0,9-2016
iPhone 7 Plus 128GB Black (MN4M2),14468.0,8699.0,19705.0,Apple,iOS,1110,5.5,128.0,2900.0,9-2016
iPhone 7 Plus 256GB Rose Gold (MN502),16392.0,7447.0,22520.0,Apple,iOS,885,5.5,256.0,2900.0,9-2016
iPhone 7 Plus 32GB Black (MNQM2),12412.0,8100.0,17735.0,Apple,iOS,1032,5.5,32.0,2900.0,9-2016
iPhone 7 Plus 32GB Black (MNQM2),12412.0,8100.0,17735.0,Apple,iOS,1033,5.5,32.0,2900.0,9-2016
iPhone SE 128GB Space Grey (MP862),10260.0,6100.0,12645.0,Apple,iOS,774,4.0,128.0,1624.0,3-2017
iPhone SE 16GB Space Gray (MLLN2),6240.0,4200.0,7524.0,Apple,iOS,853,4.0,16.0,1624.0,3-2016
iPhone SE 2020 128GB Black (MXD02/MXCW2),15533.0,13899.0,17569.0,Apple,iOS,1112,4.7,128.0,1828.0,4-2020
iPhone SE 2020 128GB Slim Box Black (MHGT3),15937.0,14200.0,18999.0,Apple,iOS,755,4.7,128.0,1828.0,11-2020
iPhone SE 2020 256GB Black (MXVT2/MXVP2),17076.0,15087.0,20499.0,Apple,iOS,977,4.7,256.0,1828.0,4-2020
iPhone SE 2020 256GB Slim Box White (MHGX3),16104.0,15220.0,18003.0,Apple,iOS,450,4.7,256.0,1828.0,11-2020
iPhone SE 2020 64GB Black (MX9R2/MX9N2),13806.0,10299.0,16037.0,Apple,iOS,1208,4.7,64.0,1828.0,4-2020
iPhone SE 2020 64GB Slim Box Black (MHGP3),14142.0,12224.0,16999.0,Apple,iOS,858,4.7,64.0,1828.0,11-2020
iPhone SE 32GB Space Grey (MP822),7991.0,4949.0,9941.0,Apple,iOS,887,4.0,32.0,1624.0,3-2017
iPhone SE 64GB Space Gray (MLM62),7328.0,5190.0,10959.0,Apple,iOS,770,4.0,64.0,1624.0,3-2016
iPhone SE 64GB Space Gray (MLM62),7328.0,5190.0,10959.0,Apple,iOS,768,4.0,64.0,1624.0,3-2016
iPhone X 256GB Silver (MQAG2),18713.0,9835.0,23113.0,Apple,iOS,1186,5.8,256.0,2716.0,9-2017
iPhone X 64GB Space Gray (MQAC2),14185.0,11000.0,21113.0,Apple,iOS,1212,5.8,64.0,2716.0,9-2017
iPhone XR 128GB Black (MRY92),19050.0,13580.0,22520.0,Apple,iOS,1166,6.1,128.0,2942.0,9-2018
iPhone XR 128GB Slim Box Black (MH7L3),19810.0,17680.0,22999.0,Apple,iOS,729,6.1,128.0,2942.0,11-2020
iPhone XR 256GB Black (MRYJ2),21688.0,15281.0,28489.0,Apple,iOS,852,6.1,256.0,2942.0,9-2018
iPhone XR 64GB Black (MRY42),16938.0,12049.0,19870.0,Apple,iOS,1218,6.1,64.0,2942.0,9-2018
iPhone XR 64GB Slim Box Black (MH6M3),17977.0,16046.0,20999.0,Apple,iOS,843,6.1,64.0,2942.0,11-2020
iPhone XR Dual Sim 128GB Black (MT192),22520.0,18399.0,24855.0,Apple,iOS,765,6.1,128.0,2942.0,11-2018
iPhone XR Dual Sim 64GB Black (MT122),20143.0,16862.0,22849.0,Apple,iOS,695,6.1,64.0,2942.0,11-2018
iPhone XS 256GB Gold (MT9K2),21463.0,15281.0,25617.0,Apple,iOS,1126,5.8,256.0,2568.0,9-2018
iPhone XS 512GB Silver (MT9M2),22842.0,17832.0,27500.0,Apple,iOS,803,5.8,512.0,2568.0,9-2018
iPhone XS 64GB Space Gray (MT9E2),19790.0,12505.0,23928.0,Apple,iOS,1187,5.8,64.0,2568.0,9-2018
iPhone XS Max 256GB Gold (MT552),24184.0,18399.0,30600.0,Apple,iOS,1128,6.5,256.0,3174.0,9-2018
iPhone XS Max 512GB Space Gray (MT622),27190.0,21150.0,30200.0,Apple,iOS,842,6.5,512.0,3174.0,9-2018
iPhone XS Max 64GB Gold (MT522),22685.0,16018.0,27900.0,Apple,iOS,1101,6.5,64.0,3174.0,9-2018
iPhone XS Max Dual Sim 64GB Gold (MT732),24600.0,21939.0,33720.0,Apple,iOS,530,6.5,64.0,3174.0,9-2018
nova 5T 6/128GB Black (51094MEU),8804.0,7999.0,9999.0,HUAWEI,Android,1174,6.26,128.0,3750.0,11-2019
nubia Red Magic 5G 8/128GB Black,18755.0,18500.0,19010.0,ZTE,Android,752,6.65,128.0,4500.0,10-2020